product_id,product_name,category,price,stock
1,Movement Product,Electronics,222.55,145
2,Difference Product,Clothing,1193.73,382
3,Clear Product,Electronics,3415.83,461
4,Realize Product,Books,526.0,221
5,Meet Product,Electronics,2592.16,116
6,Door Product,Clothing,2576.24,18
7,Throw Product,Books,1074.3,337
8,Box Product,Books,2155.65,234
9,Hard Product,Books,1463.13,0
10,Through Product,Electronics,3818.16,86
11,Only Product,Sports,1767.23,84
12,Hold Product,Clothing,4790.34,177
13,Building Product,Electronics,554.45,54
14,Sound Product,Home,4252.72,314
15,Family Product,Home,4054.93,378
16,Painting Product,Sports,2727.52,477
17,Draw Product,Sports,486.12,155
18,Surface Product,Books,4438.71,190
19,Laugh Product,Books,1042.21,40
20,Through Product,Electronics,3340.19,400
21,Option Product,Home,4927.59,442
22,Speak Product,Clothing,4345.77,199
23,Tell Product,Home,2321.71,432
24,Pretty Product,Home,897.01,186
25,Positive Product,Clothing,3383.86,364
26,Republican Product,Electronics,3084.74,92
27,Question Product,Books,3672.72,88
28,Onto Product,Sports,1959.33,478
29,Agree Product,Books,1176.11,171
30,Politics Product,Electronics,1222.34,21
31,Woman Product,Home,2065.71,38
32,Really Product,Clothing,4574.37,295
33,Themselves Product,Home,1141.87,260
34,Rule Product,Sports,4434.95,334
35,Example Product,Sports,800.07,76
36,Air Product,Clothing,3750.45,280
37,Couple Product,Home,3760.37,224
38,Explain Product,Books,2057.06,117
39,Scientist Product,Clothing,2596.68,51
40,Sound Product,Electronics,4319.4,83
41,For Product,Clothing,3981.19,221
42,Will Product,Books,411.29,200
43,Group Product,Books,4980.99,275
44,Have Product,Home,4858.28,445
45,According Product,Electronics,3433.39,63
46,Course Product,Books,3779.3,398
47,True Product,Home,646.61,227
48,Character Product,Clothing,2323.25,493
49,Others Product,Home,4862.25,395
50,Really Product,Clothing,2587.64,59
