order_id,customer_id,order_date,status,total_amount,discount_amount,payment_method,warehouse_id,region,load_ts,bronze_ingestion_timestamp,source_file_name,load_date,quarantine_reason
ORD00000001,,2025-03-09 21:35:49,placed,18079.31,4993.93,debit_card,WH-CHE,North,2025-04-17 06:00:00,2026-08-07 20:10:16,orders.csv,2026-08-07,Missing customer_id
ORD00000101,,2025-01-20 17:05:51,delivered,12417.18,3095.67,UPI,WH-CHE,North,2025-04-17 06:00:00,2026-08-07 20:10:16,orders.csv,2026-08-07,Missing customer_id
ORD00000201,,2025-01-18 01:46:52,refunded,27255.23,5491.51,UPI,WH-DEL,South,2025-04-17 06:00:00,2026-08-07 20:10:16,orders.csv,2026-08-07,Missing customer_id
ORD00000301,,2025-01-24 19:16:10,delivered,42637.31,6775.12,net_banking,WH-MUM,East,2025-04-17 06:00:00,2026-08-07 20:10:16,orders.csv,2026-08-07,Missing customer_id
ORD00000401,,2025-03-29 02:36:37,placed,15107.65,2010.27,credit_card,WH-BLR,Central,2025-04-17 06:00:00,2026-08-07 20:10:16,orders.csv,2026-08-07,Missing customer_id
ORD00000501,,2025-01-13 11:15:59,shipped,2867.24,188.74,COD,WH-DEL,East,2025-04-17 06:00:00,2026-08-07 20:10:16,orders.csv,2026-08-07,Missing customer_id
ORD00000601,,2025-01-21 11:20:36,cancelled,13546.7,3360.48,debit_card,WH-HYD,South,2025-04-17 06:00:00,2026-08-07 20:10:16,orders.csv,2026-08-07,Missing customer_id
ORD00000701,,2025-01-14 15:42:06,shipped,7475.96,10.15,credit_card,WH-MUM,Central,2025-04-17 06:00:00,2026-08-07 20:10:16,orders.csv,2026-08-07,Missing customer_id
ORD00000801,,2025-01-30 06:17:47,placed,37915.4,6165.88,UPI,WH-BLR,Central,2025-04-17 06:00:00,2026-08-07 20:10:16,orders.csv,2026-08-07,Missing customer_id
ORD00000901,,2025-04-14 16:47:43,shipped,14781.48,1354.55,COD,WH-HYD,South,2025-04-17 06:00:00,2026-08-07 20:10:16,orders.csv,2026-08-07,Missing customer_id
ORD00001001,,2025-02-05 03:09:46,cancelled,16292.71,1239.09,COD,WH-HYD,East,2025-04-17 06:00:00,2026-08-07 20:10:16,orders.csv,2026-08-07,Missing customer_id
ORD00001101,,2025-01-28 12:10:38,cancelled,30568.86,1140.63,net_banking,WH-HYD,North,2025-04-17 06:00:00,2026-08-07 20:10:16,orders.csv,2026-08-07,Missing customer_id
ORD00001201,,2025-03-25 04:35:08,unknown,18091.79,4960.96,credit_card,WH-MUM,South,2025-04-17 06:00:00,2026-08-07 20:10:16,orders.csv,2026-08-07,Missing customer_id
ORD00001301,,2025-03-19 01:41:30,cancelled,2104.9,292.37,UPI,WH-CHE,North,2025-04-17 06:00:00,2026-08-07 20:10:16,orders.csv,2026-08-07,Missing customer_id
ORD00001401,,2025-03-28 07:38:00,delivered,39048.93,11556.62,COD,WH-BLR,North,2025-04-17 06:00:00,2026-08-07 20:10:16,orders.csv,2026-08-07,Missing customer_id
ORD00001501,,2025-02-19 09:49:02,delivered,44293.44,9726.15,UPI,WH-MUM,South,2025-04-17 06:00:00,2026-08-07 20:10:16,orders.csv,2026-08-07,Missing customer_id
ORD00001601,,2025-01-27 12:00:58,unknown,41287.27,10147.17,debit_card,WH-CHE,East,2025-04-17 06:00:00,2026-08-07 20:10:16,orders.csv,2026-08-07,Missing customer_id
ORD00001701,,2025-03-15 18:33:38,cancelled,36496.23,717.35,UPI,WH-DEL,West,2025-04-17 06:00:00,2026-08-07 20:10:16,orders.csv,2026-08-07,Missing customer_id
ORD00001801,,2025-01-11 16:14:45,cancelled,9836.37,1738.16,debit_card,WH-CHE,North,2025-04-17 06:00:00,2026-08-07 20:10:16,orders.csv,2026-08-07,Missing customer_id
ORD00001901,,2025-01-29 22:10:28,delivered,25463.25,237.95,COD,WH-MUM,Central,2025-04-17 06:00:00,2026-08-07 20:10:16,orders.csv,2026-08-07,Missing customer_id
ORD00002001,,2025-01-08 13:47:08,refunded,34319.58,8428.86,debit_card,WH-HYD,South,2025-04-17 06:00:00,2026-08-07 20:10:16,orders.csv,2026-08-07,Missing customer_id
ORD00002101,,2025-03-17 13:13:47,delivered,13777.54,3902.4,debit_card,WH-BLR,North,2025-04-17 06:00:00,2026-08-07 20:10:16,orders.csv,2026-08-07,Missing customer_id
ORD00002201,,2025-02-25 04:43:47,placed,1958.88,26.88,UPI,WH-CHE,Central,2025-04-17 06:00:00,2026-08-07 20:10:16,orders.csv,2026-08-07,Missing customer_id
ORD00002301,,2025-01-03 08:11:34,shipped,25921.68,2515.45,COD,WH-BLR,North,2025-04-17 06:00:00,2026-08-07 20:10:16,orders.csv,2026-08-07,Missing customer_id
ORD00002401,,2025-03-16 17:28:24,placed,29133.95,4314.89,net_banking,WH-MUM,West,2025-04-17 06:00:00,2026-08-07 20:10:16,orders.csv,2026-08-07,Missing customer_id
ORD00002501,,2025-02-24 02:11:02,placed,16254.96,2039.71,net_banking,WH-HYD,West,2025-04-17 06:00:00,2026-08-07 20:10:16,orders.csv,2026-08-07,Missing customer_id
ORD00002601,,2025-03-24 12:54:14,refunded,45228.26,13244.4,COD,WH-CHE,South,2025-04-17 06:00:00,2026-08-07 20:10:16,orders.csv,2026-08-07,Missing customer_id
ORD00002701,,2025-02-26 07:54:01,delivered,13350.21,3850.05,debit_card,WH-CHE,Central,2025-04-17 06:00:00,2026-08-07 20:10:16,orders.csv,2026-08-07,Missing customer_id
ORD00002801,,2025-03-20 01:38:18,placed,41953.6,7826.76,debit_card,WH-MUM,South,2025-04-17 06:00:00,2026-08-07 20:10:16,orders.csv,2026-08-07,Missing customer_id
ORD00002901,,2025-01-13 17:11:16,delivered,47372.43,9367.63,UPI,WH-BLR,Central,2025-04-17 06:00:00,2026-08-07 20:10:16,orders.csv,2026-08-07,Missing customer_id
ORD00003001,,2025-04-12 01:53:56,shipped,35350.58,8901.56,UPI,WH-DEL,West,2025-04-17 06:00:00,2026-08-07 20:10:16,orders.csv,2026-08-07,Missing customer_id
ORD00003101,,2025-04-16 12:04:58,cancelled,47126.01,10477.44,UPI,WH-CHE,South,2025-04-17 06:00:00,2026-08-07 20:10:16,orders.csv,2026-08-07,Missing customer_id
ORD00003201,,2025-01-17 16:54:29,shipped,1573.32,299.67,UPI,WH-HYD,North,2025-04-17 06:00:00,2026-08-07 20:10:16,orders.csv,2026-08-07,Missing customer_id
ORD00003301,,2025-03-01 22:10:17,placed,18466.12,1393.2,UPI,WH-CHE,Central,2025-04-17 06:00:00,2026-08-07 20:10:16,orders.csv,2026-08-07,Missing customer_id
ORD00003401,,2025-02-17 19:14:15,refunded,47069.37,1475.65,UPI,WH-HYD,South,2025-04-17 06:00:00,2026-08-07 20:10:16,orders.csv,2026-08-07,Missing customer_id
ORD00003501,,2025-03-26 18:12:23,cancelled,4601.53,1129.85,credit_card,WH-CHE,Central,2025-04-17 06:00:00,2026-08-07 20:10:16,orders.csv,2026-08-07,Missing customer_id
ORD00003601,,2025-01-30 02:32:29,cancelled,10914.03,3053.64,debit_card,WH-MUM,West,2025-04-17 06:00:00,2026-08-07 20:10:16,orders.csv,2026-08-07,Missing customer_id
ORD00003701,,2025-03-31 05:54:52,delivered,22061.68,2529.22,debit_card,WH-BLR,East,2025-04-17 06:00:00,2026-08-07 20:10:16,orders.csv,2026-08-07,Missing customer_id
ORD00003801,,2025-02-16 01:24:06,shipped,42540.37,2352.58,net_banking,WH-DEL,South,2025-04-17 06:00:00,2026-08-07 20:10:16,orders.csv,2026-08-07,Missing customer_id
ORD00003901,,2025-04-12 12:32:11,cancelled,48584.54,358.95,net_banking,WH-DEL,West,2025-04-17 06:00:00,2026-08-07 20:10:16,orders.csv,2026-08-07,Missing customer_id
ORD00004001,,2025-02-01 14:06:00,cancelled,46941.95,6820.1,COD,WH-CHE,North,2025-04-17 06:00:00,2026-08-07 20:10:16,orders.csv,2026-08-07,Missing customer_id
ORD00004101,,2025-02-13 23:12:08,shipped,49583.44,13554.43,UPI,WH-BLR,West,2025-04-17 06:00:00,2026-08-07 20:10:16,orders.csv,2026-08-07,Missing customer_id
ORD00004201,,2025-03-08 12:56:35,shipped,7512.08,1919.57,UPI,WH-HYD,South,2025-04-17 06:00:00,2026-08-07 20:10:16,orders.csv,2026-08-07,Missing customer_id
ORD00004301,,2025-03-15 12:56:06,delivered,23158.45,4055.46,COD,WH-DEL,North,2025-04-17 06:00:00,2026-08-07 20:10:16,orders.csv,2026-08-07,Missing customer_id
ORD00004401,,2025-02-16 17:05:07,unknown,30906.91,2588.11,debit_card,WH-HYD,South,2025-04-17 06:00:00,2026-08-07 20:10:16,orders.csv,2026-08-07,Missing customer_id
ORD00004501,,2025-03-28 02:41:51,shipped,43231.42,12621.66,debit_card,WH-CHE,West,2025-04-17 06:00:00,2026-08-07 20:10:16,orders.csv,2026-08-07,Missing customer_id
ORD00004601,,2025-02-27 20:40:40,placed,36240.26,10647.3,COD,WH-DEL,South,2025-04-17 06:00:00,2026-08-07 20:10:16,orders.csv,2026-08-07,Missing customer_id
ORD00004701,,2025-04-06 06:08:22,shipped,12214.23,1963.75,debit_card,WH-HYD,South,2025-04-17 06:00:00,2026-08-07 20:10:16,orders.csv,2026-08-07,Missing customer_id
ORD00004801,,2025-04-16 21:44:25,placed,38061.16,5186.68,UPI,WH-DEL,Central,2025-04-17 06:00:00,2026-08-07 20:10:16,orders.csv,2026-08-07,Missing customer_id
ORD00004901,,2025-04-15 00:43:09,placed,30024.98,6935.73,credit_card,WH-BLR,East,2025-04-17 06:00:00,2026-08-07 20:10:16,orders.csv,2026-08-07,Missing customer_id
ORD00005001,,2025-04-06 16:50:41,delivered,24232.01,5223.12,net_banking,WH-DEL,South,2025-04-17 06:00:00,2026-08-07 20:10:16,orders.csv,2026-08-07,Missing customer_id
ORD00005101,,2025-02-22 22:21:00,placed,33463.61,1082.73,credit_card,WH-HYD,South,2025-04-17 06:00:00,2026-08-07 20:10:16,orders.csv,2026-08-07,Missing customer_id
ORD00005201,,2025-04-15 21:14:57,shipped,28766.5,913.51,UPI,WH-CHE,East,2025-04-17 06:00:00,2026-08-07 20:10:16,orders.csv,2026-08-07,Missing customer_id
ORD00005301,,2025-03-20 05:03:05,cancelled,48012.94,12629.25,COD,WH-DEL,North,2025-04-17 06:00:00,2026-08-07 20:10:16,orders.csv,2026-08-07,Missing customer_id
ORD00005401,,2025-02-05 06:42:48,placed,31431.81,8866.53,net_banking,WH-BLR,Central,2025-04-17 06:00:00,2026-08-07 20:10:16,orders.csv,2026-08-07,Missing customer_id
ORD00005501,,2025-01-04 04:01:45,shipped,40541.61,3255.49,UPI,WH-HYD,Central,2025-04-17 06:00:00,2026-08-07 20:10:16,orders.csv,2026-08-07,Missing customer_id
ORD00005601,,2025-01-08 10:07:48,placed,3274.9,757.28,COD,WH-HYD,East,2025-04-17 06:00:00,2026-08-07 20:10:16,orders.csv,2026-08-07,Missing customer_id
ORD00005701,,2025-01-11 22:09:02,shipped,26019.9,4431.3,COD,WH-BLR,Central,2025-04-17 06:00:00,2026-08-07 20:10:16,orders.csv,2026-08-07,Missing customer_id
ORD00005801,,2025-01-25 10:42:32,shipped,7122.87,1744.97,COD,WH-CHE,Central,2025-04-17 06:00:00,2026-08-07 20:10:16,orders.csv,2026-08-07,Missing customer_id
ORD00005901,,2025-01-15 07:49:23,delivered,49192.4,11212.75,net_banking,WH-CHE,South,2025-04-17 06:00:00,2026-08-07 20:10:16,orders.csv,2026-08-07,Missing customer_id
ORD00006001,,2025-03-14 05:51:09,placed,44804.42,10760.68,net_banking,WH-BLR,North,2025-04-17 06:00:00,2026-08-07 20:10:16,orders.csv,2026-08-07,Missing customer_id
ORD00006101,,2025-03-23 10:53:00,cancelled,43091.83,9992.14,debit_card,WH-BLR,Central,2025-04-17 06:00:00,2026-08-07 20:10:16,orders.csv,2026-08-07,Missing customer_id
ORD00006201,,2025-04-16 22:32:18,PENDING,28356.54,5682.57,UPI,WH-DEL,South,2025-04-17 06:00:00,2026-08-07 20:10:16,orders.csv,2026-08-07,Missing customer_id
ORD00006301,,2025-01-01 07:47:57,delivered,31151.29,590.26,credit_card,WH-DEL,East,2025-04-17 06:00:00,2026-08-07 20:10:16,orders.csv,2026-08-07,Missing customer_id
ORD00006401,,2025-03-11 04:43:04,shipped,21730.81,3128.74,COD,WH-DEL,West,2025-04-17 06:00:00,2026-08-07 20:10:16,orders.csv,2026-08-07,Missing customer_id
ORD00006501,,2025-01-03 17:45:18,cancelled,32736.58,1093.05,net_banking,WH-MUM,South,2025-04-17 06:00:00,2026-08-07 20:10:16,orders.csv,2026-08-07,Missing customer_id
ORD00006601,,2025-03-26 03:32:49,delivered,14427.56,1870.36,debit_card,WH-DEL,East,2025-04-17 06:00:00,2026-08-07 20:10:16,orders.csv,2026-08-07,Missing customer_id
ORD00006701,,2025-03-02 16:25:27,unknown,811.53,163.73,COD,WH-HYD,North,2025-04-17 06:00:00,2026-08-07 20:10:16,orders.csv,2026-08-07,Missing customer_id
ORD00006801,,2025-01-09 00:31:09,shipped,1913.51,142.79,credit_card,WH-CHE,North,2025-04-17 06:00:00,2026-08-07 20:10:16,orders.csv,2026-08-07,Missing customer_id
ORD00006901,,2025-04-12 17:52:03,placed,39716.88,9963.08,UPI,WH-CHE,Central,2025-04-17 06:00:00,2026-08-07 20:10:16,orders.csv,2026-08-07,Missing customer_id
ORD00007001,,2025-04-15 16:24:04,cancelled,34199.72,4846.12,UPI,WH-HYD,East,2025-04-17 06:00:00,2026-08-07 20:10:16,orders.csv,2026-08-07,Missing customer_id
ORD00007101,,2025-01-05 07:36:23,placed,4361.96,648.31,credit_card,WH-DEL,East,2025-04-17 06:00:00,2026-08-07 20:10:16,orders.csv,2026-08-07,Missing customer_id
ORD00007201,,2025-03-07 06:45:46,shipped,36158.79,4692.02,net_banking,WH-CHE,Central,2025-04-17 06:00:00,2026-08-07 20:10:16,orders.csv,2026-08-07,Missing customer_id
ORD00007301,,2025-01-03 05:55:58,cancelled,5265.87,186.39,UPI,WH-CHE,East,2025-04-17 06:00:00,2026-08-07 20:10:16,orders.csv,2026-08-07,Missing customer_id
ORD00007401,,2025-01-16 12:07:28,delivered,38829.11,4024.41,COD,WH-MUM,Central,2025-04-17 06:00:00,2026-08-07 20:10:16,orders.csv,2026-08-07,Missing customer_id
ORD00007501,,2025-02-16 13:58:25,delivered,25865.37,3927.14,net_banking,WH-CHE,South,2025-04-17 06:00:00,2026-08-07 20:10:16,orders.csv,2026-08-07,Missing customer_id
ORD00007601,,2025-01-29 16:48:33,PENDING,140.79,11.2,UPI,WH-DEL,South,2025-04-17 06:00:00,2026-08-07 20:10:16,orders.csv,2026-08-07,Missing customer_id
ORD00007701,,2025-01-26 02:07:20,cancelled,43818.06,6885.96,COD,WH-MUM,East,2025-04-17 06:00:00,2026-08-07 20:10:16,orders.csv,2026-08-07,Missing customer_id
ORD00007801,,2025-04-12 11:42:02,placed,17283.53,956.73,net_banking,WH-DEL,North,2025-04-17 06:00:00,2026-08-07 20:10:16,orders.csv,2026-08-07,Missing customer_id
ORD00007901,,2025-01-18 15:39:30,cancelled,18456.36,1113.56,COD,WH-DEL,North,2025-04-17 06:00:00,2026-08-07 20:10:16,orders.csv,2026-08-07,Missing customer_id
ORD00008001,,2025-04-10 01:06:47,shipped,45957.32,9363.62,UPI,WH-BLR,West,2025-04-17 06:00:00,2026-08-07 20:10:16,orders.csv,2026-08-07,Missing customer_id
ORD00008101,,2025-01-29 11:15:46,placed,29486.28,152.15,net_banking,WH-BLR,North,2025-04-17 06:00:00,2026-08-07 20:10:16,orders.csv,2026-08-07,Missing customer_id
ORD00008201,,2025-01-07 20:43:56,placed,49035.41,2389.98,UPI,WH-MUM,South,2025-04-17 06:00:00,2026-08-07 20:10:16,orders.csv,2026-08-07,Missing customer_id
ORD00008301,,2025-01-07 07:14:18,shipped,40282.72,2652.69,debit_card,WH-BLR,Central,2025-04-17 06:00:00,2026-08-07 20:10:16,orders.csv,2026-08-07,Missing customer_id
ORD00008401,,2025-01-14 15:20:23,delivered,4673.18,321.72,debit_card,WH-BLR,Central,2025-04-17 06:00:00,2026-08-07 20:10:16,orders.csv,2026-08-07,Missing customer_id
ORD00008501,,2025-02-26 05:01:43,cancelled,48023.37,6662.79,credit_card,WH-HYD,South,2025-04-17 06:00:00,2026-08-07 20:10:16,orders.csv,2026-08-07,Missing customer_id
ORD00008601,,2025-02-25 08:03:32,cancelled,2329.09,609.51,debit_card,WH-DEL,East,2025-04-17 06:00:00,2026-08-07 20:10:16,orders.csv,2026-08-07,Missing customer_id
ORD00008701,,2025-03-29 09:02:24,unknown,16120.45,3437.11,debit_card,WH-CHE,Central,2025-04-17 06:00:00,2026-08-07 20:10:16,orders.csv,2026-08-07,Missing customer_id
ORD00008801,,2025-04-11 04:49:23,PENDING,30579.83,4398.91,net_banking,WH-DEL,East,2025-04-17 06:00:00,2026-08-07 20:10:16,orders.csv,2026-08-07,Missing customer_id
ORD00008901,,2025-01-05 01:11:54,delivered,8945.87,1612.45,net_banking,WH-MUM,North,2025-04-17 06:00:00,2026-08-07 20:10:16,orders.csv,2026-08-07,Missing customer_id
ORD00009001,,2025-01-05 14:57:31,delivered,48775.88,4819.46,credit_card,WH-HYD,Central,2025-04-17 06:00:00,2026-08-07 20:10:16,orders.csv,2026-08-07,Missing customer_id
ORD00009101,,2025-04-02 10:59:49,placed,36945.15,2331.98,COD,WH-BLR,North,2025-04-17 06:00:00,2026-08-07 20:10:16,orders.csv,2026-08-07,Missing customer_id
ORD00009201,,2025-01-26 23:37:42,delivered,46516.05,11803.22,debit_card,WH-DEL,West,2025-04-17 06:00:00,2026-08-07 20:10:16,orders.csv,2026-08-07,Missing customer_id
ORD00009301,,2025-01-08 23:40:05,delivered,25668.41,489.7,net_banking,WH-CHE,South,2025-04-17 06:00:00,2026-08-07 20:10:16,orders.csv,2026-08-07,Missing customer_id
ORD00009401,,2025-01-12 17:50:08,delivered,29372.47,7245.38,debit_card,WH-MUM,West,2025-04-17 06:00:00,2026-08-07 20:10:16,orders.csv,2026-08-07,Missing customer_id
ORD00009501,,2025-03-02 21:46:42,shipped,36813.67,709.95,UPI,WH-BLR,East,2025-04-17 06:00:00,2026-08-07 20:10:16,orders.csv,2026-08-07,Missing customer_id
ORD00009601,,2025-01-17 23:56:46,shipped,25160.02,125.69,debit_card,WH-HYD,Central,2025-04-17 06:00:00,2026-08-07 20:10:16,orders.csv,2026-08-07,Missing customer_id
ORD00009701,,2025-02-09 00:48:14,cancelled,41863.43,2504.17,COD,WH-MUM,South,2025-04-17 06:00:00,2026-08-07 20:10:16,orders.csv,2026-08-07,Missing customer_id
ORD00009801,,2025-01-20 13:20:07,unknown,34516.76,7564.24,UPI,WH-HYD,Central,2025-04-17 06:00:00,2026-08-07 20:10:16,orders.csv,2026-08-07,Missing customer_id
ORD00009901,,2025-01-29 05:32:01,cancelled,15748.56,787.86,debit_card,WH-DEL,North,2025-04-17 06:00:00,2026-08-07 20:10:16,orders.csv,2026-08-07,Missing customer_id
ORD00010001,,2025-01-11 22:42:06,placed,8422.4,927.01,COD,WH-BLR,West,2025-04-17 06:00:00,2026-08-07 20:10:16,orders.csv,2026-08-07,Missing customer_id
ORD00010101,,2025-03-17 22:08:31,delivered,23642.52,6415.5,credit_card,WH-HYD,West,2025-04-17 06:00:00,2026-08-07 20:10:16,orders.csv,2026-08-07,Missing customer_id
ORD00010201,,2025-02-04 04:15:06,delivered,38318.72,3480.79,debit_card,WH-BLR,East,2025-04-17 06:00:00,2026-08-07 20:10:16,orders.csv,2026-08-07,Missing customer_id
ORD00010301,,2025-02-09 18:22:00,unknown,257.79,32.38,credit_card,WH-HYD,Central,2025-04-17 06:00:00,2026-08-07 20:10:16,orders.csv,2026-08-07,Missing customer_id
ORD00010401,,2025-04-13 10:36:38,placed,42951.84,4723.67,net_banking,WH-DEL,South,2025-04-17 06:00:00,2026-08-07 20:10:16,orders.csv,2026-08-07,Missing customer_id
ORD00010501,,2025-04-04 03:18:55,refunded,16982.62,1778.82,debit_card,WH-BLR,Central,2025-04-17 06:00:00,2026-08-07 20:10:16,orders.csv,2026-08-07,Missing customer_id
ORD00010601,,2025-03-17 09:00:41,refunded,21567.64,5242.32,credit_card,WH-CHE,Central,2025-04-17 06:00:00,2026-08-07 20:10:16,orders.csv,2026-08-07,Missing customer_id
ORD00010701,,2025-03-15 09:54:07,shipped,49701.58,10102.63,UPI,WH-MUM,South,2025-04-17 06:00:00,2026-08-07 20:10:16,orders.csv,2026-08-07,Missing customer_id
ORD00010801,,2025-01-21 01:34:16,unknown,28261.83,1467.93,credit_card,WH-CHE,Central,2025-04-17 06:00:00,2026-08-07 20:10:16,orders.csv,2026-08-07,Missing customer_id
ORD00010901,,2025-01-14 19:42:36,cancelled,41444.76,49.45,net_banking,WH-HYD,Central,2025-04-17 06:00:00,2026-08-07 20:10:16,orders.csv,2026-08-07,Missing customer_id
ORD00011001,,2025-03-25 22:57:56,cancelled,31734.01,2869.02,credit_card,WH-DEL,North,2025-04-17 06:00:00,2026-08-07 20:10:16,orders.csv,2026-08-07,Missing customer_id
ORD00011101,,2025-02-18 15:36:17,delivered,20181.67,4678.95,debit_card,WH-CHE,South,2025-04-17 06:00:00,2026-08-07 20:10:16,orders.csv,2026-08-07,Missing customer_id
ORD00011201,,2025-03-27 10:41:29,cancelled,47304.27,3143.2,credit_card,WH-HYD,North,2025-04-17 06:00:00,2026-08-07 20:10:16,orders.csv,2026-08-07,Missing customer_id
ORD00011301,,2025-02-24 01:45:22,refunded,14463.43,815.95,debit_card,WH-HYD,North,2025-04-17 06:00:00,2026-08-07 20:10:16,orders.csv,2026-08-07,Missing customer_id
ORD00011401,,2025-03-02 13:48:27,delivered,1085.51,206.5,debit_card,WH-HYD,North,2025-04-17 06:00:00,2026-08-07 20:10:16,orders.csv,2026-08-07,Missing customer_id
ORD00011501,,2025-03-09 18:14:54,placed,13526.26,3651.94,debit_card,WH-CHE,West,2025-04-17 06:00:00,2026-08-07 20:10:16,orders.csv,2026-08-07,Missing customer_id
ORD00011601,,2025-03-09 10:42:25,cancelled,48524.32,1132.54,COD,WH-BLR,North,2025-04-17 06:00:00,2026-08-07 20:10:16,orders.csv,2026-08-07,Missing customer_id
ORD00011701,,2025-02-05 03:59:10,unknown,29848.85,717.58,net_banking,WH-BLR,South,2025-04-17 06:00:00,2026-08-07 20:10:16,orders.csv,2026-08-07,Missing customer_id
ORD00011801,,2025-02-22 10:05:48,shipped,30281.33,1533.99,COD,WH-BLR,West,2025-04-17 06:00:00,2026-08-07 20:10:16,orders.csv,2026-08-07,Missing customer_id
ORD00011901,,2025-03-17 02:30:20,delivered,35554.61,6396.61,debit_card,WH-CHE,East,2025-04-17 06:00:00,2026-08-07 20:10:16,orders.csv,2026-08-07,Missing customer_id
ORD00012001,,2025-03-25 12:08:45,placed,18778.2,93.77,credit_card,WH-DEL,North,2025-04-17 06:00:00,2026-08-07 20:10:16,orders.csv,2026-08-07,Missing customer_id
ORD00012101,,2025-03-05 18:43:55,placed,24134.27,144.79,credit_card,WH-CHE,East,2025-04-17 06:00:00,2026-08-07 20:10:16,orders.csv,2026-08-07,Missing customer_id
ORD00012201,,2025-01-24 17:13:01,refunded,28737.05,849.63,UPI,WH-HYD,West,2025-04-17 06:00:00,2026-08-07 20:10:16,orders.csv,2026-08-07,Missing customer_id
ORD00012301,,2025-01-04 21:47:05,placed,17820.3,5272.19,credit_card,WH-CHE,South,2025-04-17 06:00:00,2026-08-07 20:10:16,orders.csv,2026-08-07,Missing customer_id
ORD00012401,,2025-02-18 11:17:58,cancelled,27785.58,607.46,UPI,WH-HYD,Central,2025-04-17 06:00:00,2026-08-07 20:10:16,orders.csv,2026-08-07,Missing customer_id
ORD00012501,,2025-01-17 15:46:57,delivered,15123.98,1477.26,debit_card,WH-DEL,North,2025-04-17 06:00:00,2026-08-07 20:10:16,orders.csv,2026-08-07,Missing customer_id
ORD00012601,,2025-03-02 20:41:54,shipped,48471.75,7897.2,UPI,WH-HYD,West,2025-04-17 06:00:00,2026-08-07 20:10:16,orders.csv,2026-08-07,Missing customer_id
ORD00012701,,2025-03-21 23:16:47,unknown,29993.49,6497.8,COD,WH-DEL,East,2025-04-17 06:00:00,2026-08-07 20:10:16,orders.csv,2026-08-07,Missing customer_id
ORD00012801,,2025-02-13 22:50:23,shipped,48113.65,7125.64,credit_card,WH-HYD,West,2025-04-17 06:00:00,2026-08-07 20:10:16,orders.csv,2026-08-07,Missing customer_id
ORD00012901,,2025-02-06 15:32:50,cancelled,14455.43,1366.05,UPI,WH-MUM,North,2025-04-17 06:00:00,2026-08-07 20:10:16,orders.csv,2026-08-07,Missing customer_id
ORD00013001,,2025-03-12 08:49:27,shipped,45833.99,12616.29,net_banking,WH-CHE,East,2025-04-17 06:00:00,2026-08-07 20:10:16,orders.csv,2026-08-07,Missing customer_id
ORD00013101,,2025-01-29 21:46:12,shipped,20889.44,845.09,debit_card,WH-HYD,Central,2025-04-17 06:00:00,2026-08-07 20:10:16,orders.csv,2026-08-07,Missing customer_id
ORD00013201,,2025-02-13 06:35:35,placed,27729.87,180.16,net_banking,WH-DEL,West,2025-04-17 06:00:00,2026-08-07 20:10:16,orders.csv,2026-08-07,Missing customer_id
ORD00013301,,2025-03-01 18:28:57,unknown,22130.06,6318.34,COD,WH-MUM,North,2025-04-17 06:00:00,2026-08-07 20:10:16,orders.csv,2026-08-07,Missing customer_id
ORD00013401,,2025-01-09 01:09:51,shipped,15873.59,3861.76,credit_card,WH-HYD,East,2025-04-17 06:00:00,2026-08-07 20:10:16,orders.csv,2026-08-07,Missing customer_id
ORD00013501,,2025-03-31 04:19:31,refunded,3219.02,383.74,UPI,WH-MUM,East,2025-04-17 06:00:00,2026-08-07 20:10:16,orders.csv,2026-08-07,Missing customer_id
ORD00013601,,2025-03-21 06:27:54,cancelled,32188.84,8998.24,net_banking,WH-MUM,South,2025-04-17 06:00:00,2026-08-07 20:10:16,orders.csv,2026-08-07,Missing customer_id
ORD00013701,,2025-03-24 12:24:28,delivered,13097.71,3243.35,net_banking,WH-HYD,West,2025-04-17 06:00:00,2026-08-07 20:10:16,orders.csv,2026-08-07,Missing customer_id
ORD00013801,,2025-03-22 20:00:32,refunded,6949.52,1361.84,credit_card,WH-DEL,Central,2025-04-17 06:00:00,2026-08-07 20:10:16,orders.csv,2026-08-07,Missing customer_id
ORD00013901,,2025-01-14 13:55:30,unknown,41615.29,4174.19,COD,WH-HYD,East,2025-04-17 06:00:00,2026-08-07 20:10:16,orders.csv,2026-08-07,Missing customer_id
ORD00014001,,2025-01-04 14:53:34,placed,9542.61,276.58,UPI,WH-DEL,Central,2025-04-17 06:00:00,2026-08-07 20:10:16,orders.csv,2026-08-07,Missing customer_id
ORD00014101,,2025-02-28 05:14:42,shipped,30016.56,446.5,debit_card,WH-CHE,East,2025-04-17 06:00:00,2026-08-07 20:10:16,orders.csv,2026-08-07,Missing customer_id
ORD00014201,,2025-01-17 09:09:19,PENDING,784.53,42.83,UPI,WH-HYD,Central,2025-04-17 06:00:00,2026-08-07 20:10:16,orders.csv,2026-08-07,Missing customer_id
ORD00014301,,2025-02-12 03:30:00,shipped,22581.59,173.17,net_banking,WH-CHE,East,2025-04-17 06:00:00,2026-08-07 20:10:16,orders.csv,2026-08-07,Missing customer_id
ORD00014401,,2025-02-08 23:01:02,shipped,45037.27,1696.95,debit_card,WH-HYD,North,2025-04-17 06:00:00,2026-08-07 20:10:16,orders.csv,2026-08-07,Missing customer_id
ORD00014501,,2025-03-22 08:03:35,cancelled,33710.57,4893.56,COD,WH-HYD,East,2025-04-17 06:00:00,2026-08-07 20:10:16,orders.csv,2026-08-07,Missing customer_id
ORD00014601,,2025-04-13 20:44:35,placed,37402.78,926.41,net_banking,WH-HYD,West,2025-04-17 06:00:00,2026-08-07 20:10:16,orders.csv,2026-08-07,Missing customer_id
ORD00014701,,2025-01-13 19:11:14,delivered,9553.92,1087.24,UPI,WH-DEL,Central,2025-04-17 06:00:00,2026-08-07 20:10:16,orders.csv,2026-08-07,Missing customer_id
ORD00014801,,2025-02-16 19:41:53,delivered,28720.95,3143.29,net_banking,WH-DEL,Central,2025-04-17 06:00:00,2026-08-07 20:10:16,orders.csv,2026-08-07,Missing customer_id
ORD00014901,,2025-01-15 19:26:14,shipped,28033.53,661.53,debit_card,WH-HYD,West,2025-04-17 06:00:00,2026-08-07 20:10:16,orders.csv,2026-08-07,Missing customer_id
ORD00015001,,2025-03-29 02:20:23,delivered,7180.83,1240.0,debit_card,WH-BLR,North,2025-04-17 06:00:00,2026-08-07 20:10:16,orders.csv,2026-08-07,Missing customer_id
ORD00015101,,2025-01-04 06:29:37,shipped,19864.42,1958.02,credit_card,WH-MUM,West,2025-04-17 06:00:00,2026-08-07 20:10:16,orders.csv,2026-08-07,Missing customer_id
ORD00015201,,2025-01-26 13:29:16,refunded,45207.12,97.51,net_banking,WH-BLR,North,2025-04-17 06:00:00,2026-08-07 20:10:16,orders.csv,2026-08-07,Missing customer_id
ORD00015301,,2025-02-23 15:58:13,shipped,11866.86,1266.57,net_banking,WH-MUM,East,2025-04-17 06:00:00,2026-08-07 20:10:16,orders.csv,2026-08-07,Missing customer_id
ORD00015401,,2025-03-01 01:18:17,PENDING,44637.23,7725.78,COD,WH-HYD,North,2025-04-17 06:00:00,2026-08-07 20:10:16,orders.csv,2026-08-07,Missing customer_id
ORD00015501,,2025-03-17 04:19:18,PENDING,18813.74,1808.87,net_banking,WH-CHE,South,2025-04-17 06:00:00,2026-08-07 20:10:16,orders.csv,2026-08-07,Missing customer_id
ORD00015601,,2025-03-02 08:37:04,shipped,17286.49,1579.41,UPI,WH-DEL,South,2025-04-17 06:00:00,2026-08-07 20:10:16,orders.csv,2026-08-07,Missing customer_id
ORD00015701,,2025-01-08 05:03:46,shipped,11860.46,165.44,UPI,WH-HYD,South,2025-04-17 06:00:00,2026-08-07 20:10:16,orders.csv,2026-08-07,Missing customer_id
ORD00015801,,2025-03-23 17:53:53,shipped,32751.46,5431.3,debit_card,WH-HYD,South,2025-04-17 06:00:00,2026-08-07 20:10:16,orders.csv,2026-08-07,Missing customer_id
ORD00015901,,2025-02-05 00:12:37,cancelled,11259.25,585.48,UPI,WH-HYD,Central,2025-04-17 06:00:00,2026-08-07 20:10:16,orders.csv,2026-08-07,Missing customer_id
ORD00016001,,2025-01-07 04:36:10,shipped,46837.18,2919.67,UPI,WH-MUM,East,2025-04-17 06:00:00,2026-08-07 20:10:16,orders.csv,2026-08-07,Missing customer_id
ORD00016101,,2025-03-17 04:24:14,shipped,25490.54,4039.5,COD,WH-MUM,South,2025-04-17 06:00:00,2026-08-07 20:10:16,orders.csv,2026-08-07,Missing customer_id
ORD00016201,,2025-01-28 14:49:40,shipped,16960.07,1680.22,net_banking,WH-MUM,East,2025-04-17 06:00:00,2026-08-07 20:10:16,orders.csv,2026-08-07,Missing customer_id
ORD00016301,,2025-01-20 08:52:02,placed,46434.23,831.74,debit_card,WH-MUM,Central,2025-04-17 06:00:00,2026-08-07 20:10:16,orders.csv,2026-08-07,Missing customer_id
ORD00016401,,2025-02-14 17:55:49,placed,16470.8,1396.45,debit_card,WH-DEL,East,2025-04-17 06:00:00,2026-08-07 20:10:16,orders.csv,2026-08-07,Missing customer_id
ORD00016501,,2025-03-08 11:32:47,shipped,38834.32,990.06,COD,WH-BLR,South,2025-04-17 06:00:00,2026-08-07 20:10:16,orders.csv,2026-08-07,Missing customer_id
ORD00016601,,2025-01-01 16:12:59,shipped,5178.01,900.01,COD,WH-HYD,West,2025-04-17 06:00:00,2026-08-07 20:10:16,orders.csv,2026-08-07,Missing customer_id
ORD00016701,,2025-03-03 15:46:42,delivered,22357.3,4813.18,net_banking,WH-HYD,South,2025-04-17 06:00:00,2026-08-07 20:10:16,orders.csv,2026-08-07,Missing customer_id
ORD00016801,,2025-02-28 08:56:58,delivered,27816.08,5196.84,COD,WH-CHE,East,2025-04-17 06:00:00,2026-08-07 20:10:16,orders.csv,2026-08-07,Missing customer_id
ORD00016901,,2025-01-03 08:48:10,cancelled,30341.48,6219.26,credit_card,WH-DEL,West,2025-04-17 06:00:00,2026-08-07 20:10:16,orders.csv,2026-08-07,Missing customer_id
ORD00017001,,2025-03-07 18:33:04,placed,1213.61,363.9,debit_card,WH-DEL,West,2025-04-17 06:00:00,2026-08-07 20:10:16,orders.csv,2026-08-07,Missing customer_id
ORD00017101,,2025-01-14 19:36:06,placed,48895.34,3908.93,debit_card,WH-CHE,Central,2025-04-17 06:00:00,2026-08-07 20:10:16,orders.csv,2026-08-07,Missing customer_id
ORD00017201,,2025-01-17 07:24:14,shipped,34355.13,6601.51,UPI,WH-DEL,West,2025-04-17 06:00:00,2026-08-07 20:10:16,orders.csv,2026-08-07,Missing customer_id
ORD00017301,,2025-02-07 19:10:08,placed,23321.44,4940.34,net_banking,WH-MUM,West,2025-04-17 06:00:00,2026-08-07 20:10:16,orders.csv,2026-08-07,Missing customer_id
ORD00017401,,2025-01-05 23:58:00,cancelled,15101.1,1773.32,credit_card,WH-DEL,Central,2025-04-17 06:00:00,2026-08-07 20:10:16,orders.csv,2026-08-07,Missing customer_id
ORD00017501,,2025-01-03 20:02:47,delivered,35674.49,9029.48,debit_card,WH-DEL,West,2025-04-17 06:00:00,2026-08-07 20:10:16,orders.csv,2026-08-07,Missing customer_id
ORD00017601,,2025-03-14 16:51:34,delivered,27344.29,2283.84,net_banking,WH-MUM,West,2025-04-17 06:00:00,2026-08-07 20:10:16,orders.csv,2026-08-07,Missing customer_id
ORD00017701,,2025-04-07 23:22:57,PENDING,44985.02,12456.93,debit_card,WH-CHE,East,2025-04-17 06:00:00,2026-08-07 20:10:16,orders.csv,2026-08-07,Missing customer_id
ORD00017801,,2025-02-15 06:27:44,cancelled,20748.71,958.07,COD,WH-DEL,North,2025-04-17 06:00:00,2026-08-07 20:10:16,orders.csv,2026-08-07,Missing customer_id
ORD00017901,,2025-01-21 00:35:03,refunded,45397.41,446.77,debit_card,WH-DEL,East,2025-04-17 06:00:00,2026-08-07 20:10:16,orders.csv,2026-08-07,Missing customer_id
ORD00018001,,2025-01-20 23:39:51,shipped,43029.08,9278.82,net_banking,WH-MUM,Central,2025-04-17 06:00:00,2026-08-07 20:10:16,orders.csv,2026-08-07,Missing customer_id
ORD00018101,,2025-02-28 03:04:53,delivered,42079.16,962.98,net_banking,WH-MUM,North,2025-04-17 06:00:00,2026-08-07 20:10:16,orders.csv,2026-08-07,Missing customer_id
ORD00018201,,2025-03-23 04:34:32,placed,46798.9,7560.67,credit_card,WH-BLR,Central,2025-04-17 06:00:00,2026-08-07 20:10:16,orders.csv,2026-08-07,Missing customer_id
ORD00018301,,2025-03-21 21:09:01,shipped,46830.83,703.07,debit_card,WH-DEL,East,2025-04-17 06:00:00,2026-08-07 20:10:16,orders.csv,2026-08-07,Missing customer_id
ORD00018401,,2025-01-26 05:38:10,cancelled,33131.68,4127.38,net_banking,WH-HYD,North,2025-04-17 06:00:00,2026-08-07 20:10:16,orders.csv,2026-08-07,Missing customer_id
ORD00018501,,2025-01-17 00:47:41,cancelled,34957.03,1329.84,credit_card,WH-HYD,South,2025-04-17 06:00:00,2026-08-07 20:10:16,orders.csv,2026-08-07,Missing customer_id
ORD00018601,,2025-02-19 02:50:52,shipped,40512.69,4017.83,UPI,WH-CHE,North,2025-04-17 06:00:00,2026-08-07 20:10:16,orders.csv,2026-08-07,Missing customer_id
ORD00018701,,2025-02-02 20:27:50,placed,17753.92,1418.3,net_banking,WH-CHE,East,2025-04-17 06:00:00,2026-08-07 20:10:16,orders.csv,2026-08-07,Missing customer_id
ORD00018801,,2025-04-13 21:31:50,placed,24557.68,5533.46,net_banking,WH-MUM,South,2025-04-17 06:00:00,2026-08-07 20:10:16,orders.csv,2026-08-07,Missing customer_id
ORD00018901,,2025-03-26 02:46:24,shipped,5173.88,9.77,COD,WH-BLR,Central,2025-04-17 06:00:00,2026-08-07 20:10:16,orders.csv,2026-08-07,Missing customer_id
ORD00019001,,2025-03-28 14:55:34,shipped,6625.07,866.0,net_banking,WH-BLR,West,2025-04-17 06:00:00,2026-08-07 20:10:16,orders.csv,2026-08-07,Missing customer_id
ORD00019101,,2025-01-16 05:28:42,PENDING,26877.23,7932.66,credit_card,WH-MUM,West,2025-04-17 06:00:00,2026-08-07 20:10:16,orders.csv,2026-08-07,Missing customer_id
ORD00019201,,2025-02-13 02:26:13,refunded,46437.38,9345.31,UPI,WH-DEL,Central,2025-04-17 06:00:00,2026-08-07 20:10:16,orders.csv,2026-08-07,Missing customer_id
ORD00019301,,2025-01-07 23:12:06,shipped,45358.07,2736.29,COD,WH-BLR,South,2025-04-17 06:00:00,2026-08-07 20:10:16,orders.csv,2026-08-07,Missing customer_id
ORD00019401,,2025-03-07 12:01:51,cancelled,47477.61,7134.45,UPI,WH-CHE,West,2025-04-17 06:00:00,2026-08-07 20:10:16,orders.csv,2026-08-07,Missing customer_id
ORD00019501,,2025-02-08 03:11:14,cancelled,10028.55,1663.66,COD,WH-DEL,Central,2025-04-17 06:00:00,2026-08-07 20:10:16,orders.csv,2026-08-07,Missing customer_id
ORD00019601,,2025-01-26 12:01:44,delivered,17248.98,1289.36,net_banking,WH-HYD,East,2025-04-17 06:00:00,2026-08-07 20:10:16,orders.csv,2026-08-07,Missing customer_id
ORD00019701,,2025-02-10 15:53:24,shipped,23005.04,803.57,UPI,WH-CHE,West,2025-04-17 06:00:00,2026-08-07 20:10:16,orders.csv,2026-08-07,Missing customer_id
ORD00019801,,2025-01-31 08:17:48,cancelled,48525.87,6678.84,net_banking,WH-HYD,South,2025-04-17 06:00:00,2026-08-07 20:10:16,orders.csv,2026-08-07,Missing customer_id
ORD00019901,,2025-02-07 23:22:04,shipped,47278.7,5351.14,net_banking,WH-BLR,West,2025-04-17 06:00:00,2026-08-07 20:10:16,orders.csv,2026-08-07,Missing customer_id
ORD00020001,,2025-01-07 03:27:23,shipped,9288.32,2009.74,COD,WH-CHE,Central,2025-04-17 06:00:00,2026-08-07 20:10:16,orders.csv,2026-08-07,Missing customer_id
ORD00020101,,2025-02-13 00:36:10,delivered,28169.65,2125.05,UPI,WH-DEL,Central,2025-04-17 06:00:00,2026-08-07 20:10:16,orders.csv,2026-08-07,Missing customer_id
ORD00020201,,2025-04-07 06:33:12,refunded,40942.3,1890.86,net_banking,WH-BLR,North,2025-04-17 06:00:00,2026-08-07 20:10:16,orders.csv,2026-08-07,Missing customer_id
ORD00020301,,2025-02-13 21:37:15,cancelled,29205.91,3962.68,debit_card,WH-DEL,North,2025-04-17 06:00:00,2026-08-07 20:10:16,orders.csv,2026-08-07,Missing customer_id
ORD00020401,,2025-04-03 17:38:38,shipped,11819.86,3464.83,net_banking,WH-CHE,South,2025-04-17 06:00:00,2026-08-07 20:10:16,orders.csv,2026-08-07,Missing customer_id
ORD00020501,,2025-01-15 06:18:46,shipped,49140.55,5629.62,credit_card,WH-DEL,West,2025-04-17 06:00:00,2026-08-07 20:10:16,orders.csv,2026-08-07,Missing customer_id
ORD00020601,,2025-01-24 12:23:35,placed,4161.5,568.8,credit_card,WH-HYD,East,2025-04-17 06:00:00,2026-08-07 20:10:16,orders.csv,2026-08-07,Missing customer_id
ORD00020701,,2025-02-11 06:18:49,placed,8031.94,1597.95,COD,WH-HYD,East,2025-04-17 06:00:00,2026-08-07 20:10:16,orders.csv,2026-08-07,Missing customer_id
ORD00020801,,2025-04-07 06:20:54,PENDING,41368.59,4100.6,debit_card,WH-HYD,Central,2025-04-17 06:00:00,2026-08-07 20:10:16,orders.csv,2026-08-07,Missing customer_id
ORD00020901,,2025-02-22 09:01:11,placed,20385.16,4022.6,UPI,WH-DEL,West,2025-04-17 06:00:00,2026-08-07 20:10:16,orders.csv,2026-08-07,Missing customer_id
ORD00021001,,2025-02-28 18:02:21,shipped,22061.42,3913.88,COD,WH-DEL,North,2025-04-17 06:00:00,2026-08-07 20:10:16,orders.csv,2026-08-07,Missing customer_id
ORD00021101,,2025-03-08 10:34:38,shipped,3493.42,654.63,debit_card,WH-BLR,East,2025-04-17 06:00:00,2026-08-07 20:10:16,orders.csv,2026-08-07,Missing customer_id
ORD00021201,,2025-02-14 01:24:46,unknown,24278.41,5746.14,credit_card,WH-CHE,Central,2025-04-17 06:00:00,2026-08-07 20:10:16,orders.csv,2026-08-07,Missing customer_id
ORD00021301,,2025-03-04 23:55:19,shipped,32722.39,6269.14,credit_card,WH-CHE,North,2025-04-17 06:00:00,2026-08-07 20:10:16,orders.csv,2026-08-07,Missing customer_id
ORD00021401,,2025-02-25 15:21:05,placed,47140.81,11783.9,UPI,WH-CHE,North,2025-04-17 06:00:00,2026-08-07 20:10:16,orders.csv,2026-08-07,Missing customer_id
ORD00021501,,2025-01-10 06:04:41,shipped,25262.15,5790.25,net_banking,WH-MUM,West,2025-04-17 06:00:00,2026-08-07 20:10:16,orders.csv,2026-08-07,Missing customer_id
ORD00021601,,2025-02-06 01:43:41,placed,20755.5,4970.34,net_banking,WH-DEL,North,2025-04-17 06:00:00,2026-08-07 20:10:16,orders.csv,2026-08-07,Missing customer_id
ORD00021701,,2025-04-11 05:17:19,PENDING,39933.24,3230.87,UPI,WH-HYD,South,2025-04-17 06:00:00,2026-08-07 20:10:16,orders.csv,2026-08-07,Missing customer_id
ORD00021801,,2025-01-04 01:11:37,unknown,3011.98,743.98,credit_card,WH-MUM,South,2025-04-17 06:00:00,2026-08-07 20:10:16,orders.csv,2026-08-07,Missing customer_id
ORD00021901,,2025-02-03 21:07:19,placed,1115.37,260.77,UPI,WH-DEL,East,2025-04-17 06:00:00,2026-08-07 20:10:16,orders.csv,2026-08-07,Missing customer_id
ORD00022001,,2025-02-10 10:45:05,unknown,48292.76,8979.85,net_banking,WH-BLR,South,2025-04-17 06:00:00,2026-08-07 20:10:16,orders.csv,2026-08-07,Missing customer_id
ORD00022101,,2025-02-04 07:59:08,PENDING,7593.72,359.82,COD,WH-HYD,West,2025-04-17 06:00:00,2026-08-07 20:10:16,orders.csv,2026-08-07,Missing customer_id
ORD00022201,,2025-03-23 11:31:04,delivered,19171.79,1759.67,net_banking,WH-HYD,East,2025-04-17 06:00:00,2026-08-07 20:10:16,orders.csv,2026-08-07,Missing customer_id
ORD00022301,,2025-01-19 14:00:51,shipped,33575.35,4225.1,net_banking,WH-DEL,East,2025-04-17 06:00:00,2026-08-07 20:10:16,orders.csv,2026-08-07,Missing customer_id
ORD00022401,,2025-02-10 06:52:34,shipped,18013.23,3726.44,credit_card,WH-BLR,South,2025-04-17 06:00:00,2026-08-07 20:10:16,orders.csv,2026-08-07,Missing customer_id
ORD00022501,,2025-02-17 18:49:46,delivered,32126.58,6258.08,credit_card,WH-BLR,East,2025-04-17 06:00:00,2026-08-07 20:10:16,orders.csv,2026-08-07,Missing customer_id
ORD00022601,,2025-04-13 15:01:36,cancelled,29474.59,2740.21,credit_card,WH-HYD,North,2025-04-17 06:00:00,2026-08-07 20:10:16,orders.csv,2026-08-07,Missing customer_id
ORD00022701,,2025-04-02 05:01:38,placed,16317.21,2773.85,net_banking,WH-CHE,Central,2025-04-17 06:00:00,2026-08-07 20:10:16,orders.csv,2026-08-07,Missing customer_id
ORD00022801,,2025-03-17 14:22:12,placed,15241.68,1350.84,UPI,WH-DEL,Central,2025-04-17 06:00:00,2026-08-07 20:10:16,orders.csv,2026-08-07,Missing customer_id
ORD00022901,,2025-04-07 22:25:26,refunded,22202.66,5101.68,debit_card,WH-BLR,North,2025-04-17 06:00:00,2026-08-07 20:10:16,orders.csv,2026-08-07,Missing customer_id
ORD00023001,,2025-02-20 05:18:06,cancelled,45476.47,786.01,COD,WH-DEL,North,2025-04-17 06:00:00,2026-08-07 20:10:16,orders.csv,2026-08-07,Missing customer_id
ORD00023101,,2025-04-14 14:01:21,placed,5741.29,408.2,credit_card,WH-CHE,North,2025-04-17 06:00:00,2026-08-07 20:10:16,orders.csv,2026-08-07,Missing customer_id
ORD00023201,,2025-02-12 12:11:28,shipped,49495.32,12669.1,debit_card,WH-MUM,South,2025-04-17 06:00:00,2026-08-07 20:10:16,orders.csv,2026-08-07,Missing customer_id
ORD00023301,,2025-02-20 14:42:01,shipped,7177.72,19.68,credit_card,WH-HYD,East,2025-04-17 06:00:00,2026-08-07 20:10:16,orders.csv,2026-08-07,Missing customer_id
ORD00023401,,2025-04-16 06:17:14,shipped,30253.59,434.86,debit_card,WH-BLR,Central,2025-04-17 06:00:00,2026-08-07 20:10:16,orders.csv,2026-08-07,Missing customer_id
ORD00023501,,2025-02-13 14:59:45,unknown,100.8,8.6,UPI,WH-HYD,South,2025-04-17 06:00:00,2026-08-07 20:10:16,orders.csv,2026-08-07,Missing customer_id
ORD00023601,,2025-03-04 10:28:48,cancelled,5941.86,1246.93,debit_card,WH-HYD,North,2025-04-17 06:00:00,2026-08-07 20:10:16,orders.csv,2026-08-07,Missing customer_id
ORD00023701,,2025-03-05 19:51:23,cancelled,5092.97,482.34,net_banking,WH-CHE,West,2025-04-17 06:00:00,2026-08-07 20:10:16,orders.csv,2026-08-07,Missing customer_id
ORD00023801,,2025-01-09 08:48:35,delivered,5737.54,93.34,COD,WH-BLR,East,2025-04-17 06:00:00,2026-08-07 20:10:16,orders.csv,2026-08-07,Missing customer_id
ORD00023901,,2025-02-01 04:50:45,shipped,31518.8,5392.54,credit_card,WH-DEL,West,2025-04-17 06:00:00,2026-08-07 20:10:16,orders.csv,2026-08-07,Missing customer_id
ORD00024001,,2025-02-19 22:38:45,placed,9971.02,566.33,UPI,WH-BLR,Central,2025-04-17 06:00:00,2026-08-07 20:10:16,orders.csv,2026-08-07,Missing customer_id
ORD00024101,,2025-01-07 17:32:31,placed,48383.58,2340.6,COD,WH-CHE,South,2025-04-17 06:00:00,2026-08-07 20:10:16,orders.csv,2026-08-07,Missing customer_id
ORD00024201,,2025-04-07 05:30:30,delivered,43864.97,6863.29,UPI,WH-DEL,West,2025-04-17 06:00:00,2026-08-07 20:10:16,orders.csv,2026-08-07,Missing customer_id
ORD00024301,,2025-02-13 11:33:52,delivered,34313.61,6535.82,COD,WH-DEL,Central,2025-04-17 06:00:00,2026-08-07 20:10:16,orders.csv,2026-08-07,Missing customer_id
ORD00024401,,2025-03-10 08:42:51,shipped,3483.12,396.65,debit_card,WH-DEL,North,2025-04-17 06:00:00,2026-08-07 20:10:16,orders.csv,2026-08-07,Missing customer_id
ORD00024501,,2025-02-07 02:50:45,shipped,8053.07,1519.2,net_banking,WH-CHE,East,2025-04-17 06:00:00,2026-08-07 20:10:16,orders.csv,2026-08-07,Missing customer_id
ORD00024601,,2025-03-10 13:59:25,cancelled,10958.26,2995.07,COD,WH-MUM,North,2025-04-17 06:00:00,2026-08-07 20:10:16,orders.csv,2026-08-07,Missing customer_id
ORD00024701,,2025-03-13 20:21:46,shipped,2346.33,591.3,debit_card,WH-HYD,South,2025-04-17 06:00:00,2026-08-07 20:10:16,orders.csv,2026-08-07,Missing customer_id
ORD00024801,,2025-04-07 15:53:45,delivered,27773.96,1257.63,credit_card,WH-HYD,Central,2025-04-17 06:00:00,2026-08-07 20:10:16,orders.csv,2026-08-07,Missing customer_id
ORD00024901,,2025-02-15 12:50:53,delivered,48687.81,11142.33,credit_card,WH-HYD,West,2025-04-17 06:00:00,2026-08-07 20:10:16,orders.csv,2026-08-07,Missing customer_id
ORD00025001,,2025-04-09 05:07:02,shipped,37963.22,7482.88,net_banking,WH-CHE,East,2025-04-17 06:00:00,2026-08-07 20:10:16,orders.csv,2026-08-07,Missing customer_id
ORD00025101,,2025-02-08 17:57:40,delivered,40700.33,8522.0,UPI,WH-DEL,East,2025-04-17 06:00:00,2026-08-07 20:10:16,orders.csv,2026-08-07,Missing customer_id
ORD00025201,,2025-01-31 04:49:30,shipped,39262.87,3272.44,UPI,WH-HYD,East,2025-04-17 06:00:00,2026-08-07 20:10:16,orders.csv,2026-08-07,Missing customer_id
ORD00025301,,2025-01-03 17:00:57,refunded,5710.68,1474.56,credit_card,WH-BLR,Central,2025-04-17 06:00:00,2026-08-07 20:10:16,orders.csv,2026-08-07,Missing customer_id
ORD00025401,,2025-04-11 11:51:18,refunded,3282.03,935.26,UPI,WH-MUM,Central,2025-04-17 06:00:00,2026-08-07 20:10:16,orders.csv,2026-08-07,Missing customer_id
ORD00025501,,2025-02-27 16:29:56,cancelled,16742.6,2972.06,credit_card,WH-DEL,North,2025-04-17 06:00:00,2026-08-07 20:10:16,orders.csv,2026-08-07,Missing customer_id
ORD00025601,,2025-02-07 00:51:22,placed,31892.19,3347.41,debit_card,WH-DEL,East,2025-04-17 06:00:00,2026-08-07 20:10:16,orders.csv,2026-08-07,Missing customer_id
ORD00025701,,2025-01-22 05:21:54,PENDING,49425.25,13838.79,credit_card,WH-DEL,West,2025-04-17 06:00:00,2026-08-07 20:10:16,orders.csv,2026-08-07,Missing customer_id
ORD00025801,,2025-03-03 05:27:21,shipped,37464.78,2280.35,debit_card,WH-MUM,South,2025-04-17 06:00:00,2026-08-07 20:10:16,orders.csv,2026-08-07,Missing customer_id
ORD00025901,,2025-01-28 09:24:29,shipped,48155.64,4357.03,COD,WH-BLR,North,2025-04-17 06:00:00,2026-08-07 20:10:16,orders.csv,2026-08-07,Missing customer_id
ORD00026001,,2025-03-11 02:18:20,delivered,20141.86,4357.75,UPI,WH-CHE,West,2025-04-17 06:00:00,2026-08-07 20:10:16,orders.csv,2026-08-07,Missing customer_id
ORD00026101,,2025-02-03 18:34:57,refunded,39228.89,4051.76,debit_card,WH-HYD,East,2025-04-17 06:00:00,2026-08-07 20:10:16,orders.csv,2026-08-07,Missing customer_id
ORD00026201,,2025-01-21 09:27:25,cancelled,17167.79,4718.98,UPI,WH-HYD,Central,2025-04-17 06:00:00,2026-08-07 20:10:16,orders.csv,2026-08-07,Missing customer_id
ORD00026301,,2025-01-22 00:54:25,refunded,838.3,149.88,COD,WH-CHE,North,2025-04-17 06:00:00,2026-08-07 20:10:16,orders.csv,2026-08-07,Missing customer_id
ORD00026401,,2025-01-11 19:42:48,delivered,33262.73,2496.32,COD,WH-BLR,Central,2025-04-17 06:00:00,2026-08-07 20:10:16,orders.csv,2026-08-07,Missing customer_id
ORD00026501,,2025-02-06 01:53:27,cancelled,15726.1,4341.17,net_banking,WH-DEL,East,2025-04-17 06:00:00,2026-08-07 20:10:16,orders.csv,2026-08-07,Missing customer_id
ORD00026601,,2025-03-24 23:41:52,shipped,15532.38,3459.84,UPI,WH-DEL,West,2025-04-17 06:00:00,2026-08-07 20:10:16,orders.csv,2026-08-07,Missing customer_id
ORD00026701,,2025-02-02 12:12:45,delivered,26079.89,4123.25,debit_card,WH-CHE,East,2025-04-17 06:00:00,2026-08-07 20:10:16,orders.csv,2026-08-07,Missing customer_id
ORD00026801,,2025-02-10 04:39:37,shipped,43506.27,5483.61,COD,WH-CHE,West,2025-04-17 06:00:00,2026-08-07 20:10:16,orders.csv,2026-08-07,Missing customer_id
ORD00026901,,2025-01-07 04:13:13,placed,17949.76,4928.28,COD,WH-CHE,Central,2025-04-17 06:00:00,2026-08-07 20:10:16,orders.csv,2026-08-07,Missing customer_id
ORD00027001,,2025-04-05 19:52:28,placed,23294.08,1839.6,net_banking,WH-BLR,East,2025-04-17 06:00:00,2026-08-07 20:10:16,orders.csv,2026-08-07,Missing customer_id
ORD00027101,,2025-03-28 13:58:40,shipped,6587.56,1457.34,COD,WH-HYD,East,2025-04-17 06:00:00,2026-08-07 20:10:16,orders.csv,2026-08-07,Missing customer_id
ORD00027201,,2025-01-18 15:57:37,placed,11383.34,295.97,credit_card,WH-HYD,East,2025-04-17 06:00:00,2026-08-07 20:10:16,orders.csv,2026-08-07,Missing customer_id
ORD00027301,,2025-04-09 00:16:47,shipped,44639.27,7471.55,debit_card,WH-MUM,Central,2025-04-17 06:00:00,2026-08-07 20:10:16,orders.csv,2026-08-07,Missing customer_id
ORD00027401,,2025-03-09 02:03:06,placed,27833.28,3177.15,COD,WH-MUM,North,2025-04-17 06:00:00,2026-08-07 20:10:16,orders.csv,2026-08-07,Missing customer_id
ORD00027501,,2025-01-15 03:12:35,shipped,8829.7,1449.94,credit_card,WH-DEL,East,2025-04-17 06:00:00,2026-08-07 20:10:16,orders.csv,2026-08-07,Missing customer_id
ORD00027601,,2025-03-11 06:02:21,shipped,13207.42,607.96,UPI,WH-HYD,West,2025-04-17 06:00:00,2026-08-07 20:10:16,orders.csv,2026-08-07,Missing customer_id
ORD00027701,,2025-02-07 03:11:32,shipped,42484.73,2257.32,net_banking,WH-BLR,South,2025-04-17 06:00:00,2026-08-07 20:10:16,orders.csv,2026-08-07,Missing customer_id
ORD00027801,,2025-03-21 15:50:55,placed,36340.47,4102.72,debit_card,WH-BLR,South,2025-04-17 06:00:00,2026-08-07 20:10:16,orders.csv,2026-08-07,Missing customer_id
ORD00027901,,2025-02-25 21:09:09,delivered,37170.69,1278.5,COD,WH-HYD,South,2025-04-17 06:00:00,2026-08-07 20:10:16,orders.csv,2026-08-07,Missing customer_id
ORD00028001,,2025-03-14 22:06:31,shipped,42890.74,9967.11,COD,WH-DEL,Central,2025-04-17 06:00:00,2026-08-07 20:10:16,orders.csv,2026-08-07,Missing customer_id
ORD00028101,,2025-02-27 15:41:11,delivered,33368.62,8877.09,net_banking,WH-BLR,South,2025-04-17 06:00:00,2026-08-07 20:10:16,orders.csv,2026-08-07,Missing customer_id
ORD00028201,,2025-03-20 07:48:25,delivered,43354.31,4676.91,net_banking,WH-MUM,Central,2025-04-17 06:00:00,2026-08-07 20:10:16,orders.csv,2026-08-07,Missing customer_id
ORD00028301,,2025-01-31 09:02:18,unknown,13899.58,2335.38,net_banking,WH-MUM,West,2025-04-17 06:00:00,2026-08-07 20:10:16,orders.csv,2026-08-07,Missing customer_id
ORD00028401,,2025-01-20 04:49:50,cancelled,16382.63,2255.95,UPI,WH-DEL,North,2025-04-17 06:00:00,2026-08-07 20:10:16,orders.csv,2026-08-07,Missing customer_id
ORD00028501,,2025-02-11 11:09:19,unknown,31085.08,3215.37,COD,WH-BLR,West,2025-04-17 06:00:00,2026-08-07 20:10:16,orders.csv,2026-08-07,Missing customer_id
ORD00028601,,2025-03-20 02:22:32,unknown,32124.84,1418.28,UPI,WH-BLR,Central,2025-04-17 06:00:00,2026-08-07 20:10:16,orders.csv,2026-08-07,Missing customer_id
ORD00028701,,2025-03-19 11:55:35,delivered,43641.39,896.51,net_banking,WH-CHE,Central,2025-04-17 06:00:00,2026-08-07 20:10:16,orders.csv,2026-08-07,Missing customer_id
ORD00028801,,2025-03-30 12:24:54,placed,42180.7,10182.86,debit_card,WH-MUM,Central,2025-04-17 06:00:00,2026-08-07 20:10:16,orders.csv,2026-08-07,Missing customer_id
ORD00028901,,2025-01-17 16:21:17,delivered,42298.61,6384.34,debit_card,WH-BLR,West,2025-04-17 06:00:00,2026-08-07 20:10:16,orders.csv,2026-08-07,Missing customer_id
ORD00029001,,2025-03-16 10:33:33,unknown,36569.58,10312.62,credit_card,WH-BLR,East,2025-04-17 06:00:00,2026-08-07 20:10:16,orders.csv,2026-08-07,Missing customer_id
ORD00029101,,2025-01-24 04:11:34,cancelled,6767.55,1571.29,UPI,WH-DEL,South,2025-04-17 06:00:00,2026-08-07 20:10:16,orders.csv,2026-08-07,Missing customer_id
ORD00029201,,2025-02-25 04:45:28,unknown,18078.39,1212.54,credit_card,WH-DEL,North,2025-04-17 06:00:00,2026-08-07 20:10:16,orders.csv,2026-08-07,Missing customer_id
ORD00029301,,2025-01-04 21:56:07,placed,12269.28,66.96,COD,WH-DEL,West,2025-04-17 06:00:00,2026-08-07 20:10:16,orders.csv,2026-08-07,Missing customer_id
ORD00029401,,2025-01-30 08:33:28,shipped,34966.58,10153.36,credit_card,WH-HYD,West,2025-04-17 06:00:00,2026-08-07 20:10:16,orders.csv,2026-08-07,Missing customer_id
ORD00029501,,2025-03-04 20:05:47,shipped,18570.51,1969.53,COD,WH-BLR,West,2025-04-17 06:00:00,2026-08-07 20:10:16,orders.csv,2026-08-07,Missing customer_id
ORD00029601,,2025-01-02 23:19:17,delivered,29457.64,6523.85,COD,WH-BLR,Central,2025-04-17 06:00:00,2026-08-07 20:10:16,orders.csv,2026-08-07,Missing customer_id
ORD00029701,,2025-03-25 10:38:04,refunded,48281.46,12974.09,UPI,WH-CHE,West,2025-04-17 06:00:00,2026-08-07 20:10:16,orders.csv,2026-08-07,Missing customer_id
ORD00029801,,2025-01-08 00:01:12,refunded,31281.15,7796.84,credit_card,WH-CHE,Central,2025-04-17 06:00:00,2026-08-07 20:10:16,orders.csv,2026-08-07,Missing customer_id
ORD00029901,,2025-03-06 00:12:49,placed,40149.03,6123.04,net_banking,WH-HYD,Central,2025-04-17 06:00:00,2026-08-07 20:10:16,orders.csv,2026-08-07,Missing customer_id
ORD00030001,,2025-03-11 08:45:31,delivered,30211.08,5952.22,debit_card,WH-CHE,Central,2025-04-17 06:00:00,2026-08-07 20:10:16,orders.csv,2026-08-07,Missing customer_id
ORD00030101,,2025-03-04 00:59:18,placed,21664.49,6034.97,net_banking,WH-DEL,East,2025-04-17 06:00:00,2026-08-07 20:10:16,orders.csv,2026-08-07,Missing customer_id
ORD00030201,,2025-03-15 12:59:49,placed,36919.02,9880.1,net_banking,WH-DEL,West,2025-04-17 06:00:00,2026-08-07 20:10:16,orders.csv,2026-08-07,Missing customer_id
ORD00030301,,2025-01-24 04:18:02,cancelled,26472.02,5972.34,credit_card,WH-CHE,North,2025-04-17 06:00:00,2026-08-07 20:10:16,orders.csv,2026-08-07,Missing customer_id
ORD00030401,,2025-02-19 21:17:35,delivered,2887.99,394.09,credit_card,WH-BLR,East,2025-04-17 06:00:00,2026-08-07 20:10:16,orders.csv,2026-08-07,Missing customer_id
ORD00030501,,2025-02-26 14:04:46,refunded,12169.6,1669.37,COD,WH-MUM,West,2025-04-17 06:00:00,2026-08-07 20:10:16,orders.csv,2026-08-07,Missing customer_id
ORD00030601,,2025-02-18 16:44:28,PENDING,4520.64,324.05,COD,WH-DEL,Central,2025-04-17 06:00:00,2026-08-07 20:10:16,orders.csv,2026-08-07,Missing customer_id
ORD00030701,,2025-01-30 06:01:13,placed,7126.92,518.65,COD,WH-BLR,South,2025-04-17 06:00:00,2026-08-07 20:10:16,orders.csv,2026-08-07,Missing customer_id
ORD00030801,,2025-01-10 10:00:22,shipped,2677.45,551.66,credit_card,WH-DEL,North,2025-04-17 06:00:00,2026-08-07 20:10:16,orders.csv,2026-08-07,Missing customer_id
ORD00030901,,2025-01-16 17:03:45,delivered,47147.55,8716.15,net_banking,WH-CHE,Central,2025-04-17 06:00:00,2026-08-07 20:10:16,orders.csv,2026-08-07,Missing customer_id
ORD00031001,,2025-01-06 03:03:47,cancelled,28797.09,3251.4,net_banking,WH-DEL,Central,2025-04-17 06:00:00,2026-08-07 20:10:16,orders.csv,2026-08-07,Missing customer_id
ORD00031101,,2025-01-17 22:24:20,placed,7859.08,1173.69,UPI,WH-CHE,Central,2025-04-17 06:00:00,2026-08-07 20:10:16,orders.csv,2026-08-07,Missing customer_id
ORD00031201,,2025-02-18 20:02:42,delivered,30688.59,2566.08,debit_card,WH-HYD,North,2025-04-17 06:00:00,2026-08-07 20:10:16,orders.csv,2026-08-07,Missing customer_id
ORD00031301,,2025-03-14 08:35:04,shipped,38514.94,8088.24,net_banking,WH-MUM,East,2025-04-17 06:00:00,2026-08-07 20:10:16,orders.csv,2026-08-07,Missing customer_id
ORD00031401,,2025-01-10 00:16:16,unknown,39471.46,67.46,UPI,WH-BLR,Central,2025-04-17 06:00:00,2026-08-07 20:10:16,orders.csv,2026-08-07,Missing customer_id
ORD00031501,,2025-03-22 23:03:31,delivered,40973.5,7906.85,UPI,WH-BLR,North,2025-04-17 06:00:00,2026-08-07 20:10:16,orders.csv,2026-08-07,Missing customer_id
ORD00031601,,2025-04-13 11:32:34,PENDING,12944.22,2006.43,debit_card,WH-CHE,Central,2025-04-17 06:00:00,2026-08-07 20:10:16,orders.csv,2026-08-07,Missing customer_id
ORD00031701,,2025-03-04 03:44:16,delivered,13514.8,1716.12,UPI,WH-CHE,Central,2025-04-17 06:00:00,2026-08-07 20:10:16,orders.csv,2026-08-07,Missing customer_id
ORD00031801,,2025-01-22 07:29:15,delivered,49690.22,4926.34,debit_card,WH-BLR,Central,2025-04-17 06:00:00,2026-08-07 20:10:16,orders.csv,2026-08-07,Missing customer_id
ORD00031901,,2025-04-04 03:47:36,cancelled,40980.82,10813.32,debit_card,WH-HYD,West,2025-04-17 06:00:00,2026-08-07 20:10:16,orders.csv,2026-08-07,Missing customer_id
ORD00032001,,2025-01-07 20:07:45,shipped,6201.89,1468.78,UPI,WH-BLR,North,2025-04-17 06:00:00,2026-08-07 20:10:16,orders.csv,2026-08-07,Missing customer_id
ORD00032101,,2025-03-23 04:38:16,cancelled,23250.65,6225.43,COD,WH-MUM,South,2025-04-17 06:00:00,2026-08-07 20:10:16,orders.csv,2026-08-07,Missing customer_id
ORD00032201,,2025-02-24 07:06:30,refunded,10046.54,276.1,UPI,WH-MUM,Central,2025-04-17 06:00:00,2026-08-07 20:10:16,orders.csv,2026-08-07,Missing customer_id
ORD00032301,,2025-03-04 07:27:24,placed,6928.99,1778.22,net_banking,WH-CHE,West,2025-04-17 06:00:00,2026-08-07 20:10:16,orders.csv,2026-08-07,Missing customer_id
ORD00032401,,2025-01-17 20:15:16,shipped,27947.57,3335.51,COD,WH-HYD,North,2025-04-17 06:00:00,2026-08-07 20:10:16,orders.csv,2026-08-07,Missing customer_id
ORD00032501,,2025-01-11 04:13:29,shipped,8838.44,2151.38,UPI,WH-BLR,East,2025-04-17 06:00:00,2026-08-07 20:10:16,orders.csv,2026-08-07,Missing customer_id
ORD00032601,,2025-02-07 02:44:25,cancelled,14519.74,3377.28,debit_card,WH-BLR,South,2025-04-17 06:00:00,2026-08-07 20:10:16,orders.csv,2026-08-07,Missing customer_id
ORD00032701,,2025-04-08 19:49:33,cancelled,24866.6,5038.38,net_banking,WH-MUM,East,2025-04-17 06:00:00,2026-08-07 20:10:16,orders.csv,2026-08-07,Missing customer_id
ORD00032801,,2025-03-20 16:09:22,delivered,27768.57,210.19,UPI,WH-CHE,South,2025-04-17 06:00:00,2026-08-07 20:10:16,orders.csv,2026-08-07,Missing customer_id
ORD00032901,,2025-01-05 14:31:06,PENDING,16252.94,2503.66,UPI,WH-DEL,North,2025-04-17 06:00:00,2026-08-07 20:10:16,orders.csv,2026-08-07,Missing customer_id
ORD00033001,,2025-02-05 13:16:26,cancelled,25884.18,1491.31,UPI,WH-HYD,East,2025-04-17 06:00:00,2026-08-07 20:10:16,orders.csv,2026-08-07,Missing customer_id
ORD00033101,,2025-01-24 23:34:35,cancelled,46346.12,12357.23,COD,WH-BLR,Central,2025-04-17 06:00:00,2026-08-07 20:10:16,orders.csv,2026-08-07,Missing customer_id
ORD00033201,,2025-02-07 19:31:50,refunded,40339.32,3397.98,COD,WH-CHE,North,2025-04-17 06:00:00,2026-08-07 20:10:16,orders.csv,2026-08-07,Missing customer_id
ORD00033301,,2025-03-12 13:32:56,cancelled,49523.52,4682.35,COD,WH-CHE,East,2025-04-17 06:00:00,2026-08-07 20:10:16,orders.csv,2026-08-07,Missing customer_id
ORD00033401,,2025-03-14 00:44:13,delivered,9198.57,1543.77,net_banking,WH-MUM,South,2025-04-17 06:00:00,2026-08-07 20:10:16,orders.csv,2026-08-07,Missing customer_id
ORD00033501,,2025-02-02 05:23:31,cancelled,41426.2,4718.33,UPI,WH-CHE,South,2025-04-17 06:00:00,2026-08-07 20:10:16,orders.csv,2026-08-07,Missing customer_id
ORD00033601,,2025-04-12 21:21:17,delivered,40517.03,1081.17,credit_card,WH-BLR,South,2025-04-17 06:00:00,2026-08-07 20:10:16,orders.csv,2026-08-07,Missing customer_id
ORD00033701,,2025-03-11 19:24:19,PENDING,12369.85,1371.78,net_banking,WH-MUM,East,2025-04-17 06:00:00,2026-08-07 20:10:16,orders.csv,2026-08-07,Missing customer_id
ORD00033801,,2025-02-24 11:38:47,delivered,10379.45,346.96,UPI,WH-HYD,Central,2025-04-17 06:00:00,2026-08-07 20:10:16,orders.csv,2026-08-07,Missing customer_id
ORD00033901,,2025-02-25 15:55:20,unknown,2194.44,60.19,credit_card,WH-HYD,West,2025-04-17 06:00:00,2026-08-07 20:10:16,orders.csv,2026-08-07,Missing customer_id
ORD00034001,,2025-02-26 12:30:40,PENDING,15227.03,4391.99,debit_card,WH-HYD,West,2025-04-17 06:00:00,2026-08-07 20:10:16,orders.csv,2026-08-07,Missing customer_id
ORD00034101,,2025-03-12 06:38:55,PENDING,30035.57,4291.66,UPI,WH-MUM,Central,2025-04-17 06:00:00,2026-08-07 20:10:16,orders.csv,2026-08-07,Missing customer_id
ORD00034201,,2025-04-10 13:27:33,delivered,20962.03,972.9,debit_card,WH-BLR,East,2025-04-17 06:00:00,2026-08-07 20:10:16,orders.csv,2026-08-07,Missing customer_id
ORD00034301,,2025-02-15 11:29:18,placed,36290.37,877.18,debit_card,WH-CHE,North,2025-04-17 06:00:00,2026-08-07 20:10:16,orders.csv,2026-08-07,Missing customer_id
ORD00034401,,2025-03-30 04:44:08,delivered,2741.9,279.35,UPI,WH-DEL,West,2025-04-17 06:00:00,2026-08-07 20:10:16,orders.csv,2026-08-07,Missing customer_id
ORD00034501,,2025-04-08 13:37:13,cancelled,48760.54,8001.39,COD,WH-MUM,East,2025-04-17 06:00:00,2026-08-07 20:10:16,orders.csv,2026-08-07,Missing customer_id
ORD00034601,,2025-04-12 14:02:13,cancelled,567.55,9.46,debit_card,WH-HYD,North,2025-04-17 06:00:00,2026-08-07 20:10:16,orders.csv,2026-08-07,Missing customer_id
ORD00034701,,2025-03-03 23:21:54,shipped,2775.81,597.23,debit_card,WH-DEL,East,2025-04-17 06:00:00,2026-08-07 20:10:16,orders.csv,2026-08-07,Missing customer_id
ORD00034801,,2025-02-19 18:00:27,cancelled,14257.16,972.7,COD,WH-BLR,Central,2025-04-17 06:00:00,2026-08-07 20:10:16,orders.csv,2026-08-07,Missing customer_id
ORD00034901,,2025-04-01 06:15:57,cancelled,24425.42,4181.32,UPI,WH-HYD,East,2025-04-17 06:00:00,2026-08-07 20:10:16,orders.csv,2026-08-07,Missing customer_id
ORD00035001,,2025-03-27 00:01:49,unknown,6702.79,1249.98,net_banking,WH-MUM,Central,2025-04-17 06:00:00,2026-08-07 20:10:16,orders.csv,2026-08-07,Missing customer_id
ORD00035101,,2025-04-02 15:14:53,placed,16775.8,1475.06,credit_card,WH-BLR,Central,2025-04-17 06:00:00,2026-08-07 20:10:16,orders.csv,2026-08-07,Missing customer_id
ORD00035201,,2025-01-18 10:37:03,delivered,35999.18,9469.5,UPI,WH-HYD,West,2025-04-17 06:00:00,2026-08-07 20:10:16,orders.csv,2026-08-07,Missing customer_id
ORD00035301,,2025-02-10 00:29:49,cancelled,28098.46,557.48,net_banking,WH-DEL,South,2025-04-17 06:00:00,2026-08-07 20:10:16,orders.csv,2026-08-07,Missing customer_id
ORD00035401,,2025-03-20 02:17:34,placed,46190.55,3472.67,debit_card,WH-DEL,North,2025-04-17 06:00:00,2026-08-07 20:10:16,orders.csv,2026-08-07,Missing customer_id
ORD00035501,,2025-02-22 09:01:09,placed,4606.22,1303.93,credit_card,WH-HYD,North,2025-04-17 06:00:00,2026-08-07 20:10:16,orders.csv,2026-08-07,Missing customer_id
ORD00035601,,2025-01-07 21:32:57,delivered,12298.98,470.21,net_banking,WH-CHE,East,2025-04-17 06:00:00,2026-08-07 20:10:16,orders.csv,2026-08-07,Missing customer_id
ORD00035701,,2025-02-11 12:43:01,delivered,2599.84,87.86,COD,WH-DEL,Central,2025-04-17 06:00:00,2026-08-07 20:10:16,orders.csv,2026-08-07,Missing customer_id
ORD00035801,,2025-03-07 00:20:29,placed,35365.04,5147.69,COD,WH-DEL,North,2025-04-17 06:00:00,2026-08-07 20:10:16,orders.csv,2026-08-07,Missing customer_id
ORD00035901,,2025-03-18 13:21:29,shipped,6891.54,1863.15,credit_card,WH-BLR,North,2025-04-17 06:00:00,2026-08-07 20:10:16,orders.csv,2026-08-07,Missing customer_id
ORD00036001,,2025-03-30 01:09:38,refunded,7649.59,1952.92,COD,WH-HYD,South,2025-04-17 06:00:00,2026-08-07 20:10:16,orders.csv,2026-08-07,Missing customer_id
ORD00036101,,2025-04-04 11:45:07,refunded,33357.9,2644.39,net_banking,WH-DEL,North,2025-04-17 06:00:00,2026-08-07 20:10:16,orders.csv,2026-08-07,Missing customer_id
ORD00036201,,2025-02-18 04:22:41,refunded,16978.78,3344.24,net_banking,WH-CHE,North,2025-04-17 06:00:00,2026-08-07 20:10:16,orders.csv,2026-08-07,Missing customer_id
ORD00036301,,2025-02-13 10:10:55,delivered,37469.88,8729.28,debit_card,WH-BLR,East,2025-04-17 06:00:00,2026-08-07 20:10:16,orders.csv,2026-08-07,Missing customer_id
ORD00036401,,2025-02-03 04:12:07,cancelled,47564.73,3435.89,UPI,WH-CHE,Central,2025-04-17 06:00:00,2026-08-07 20:10:16,orders.csv,2026-08-07,Missing customer_id
ORD00036501,,2025-02-14 22:24:56,unknown,24344.96,5210.84,credit_card,WH-CHE,East,2025-04-17 06:00:00,2026-08-07 20:10:16,orders.csv,2026-08-07,Missing customer_id
ORD00036601,,2025-02-13 13:29:28,placed,10641.99,2928.52,credit_card,WH-HYD,East,2025-04-17 06:00:00,2026-08-07 20:10:16,orders.csv,2026-08-07,Missing customer_id
ORD00036701,,2025-01-18 10:23:43,unknown,42079.76,2169.63,debit_card,WH-MUM,West,2025-04-17 06:00:00,2026-08-07 20:10:16,orders.csv,2026-08-07,Missing customer_id
ORD00036801,,2025-02-14 23:55:15,refunded,659.44,42.36,COD,WH-CHE,East,2025-04-17 06:00:00,2026-08-07 20:10:16,orders.csv,2026-08-07,Missing customer_id
ORD00036901,,2025-03-20 15:50:16,cancelled,37571.84,10906.8,debit_card,WH-DEL,Central,2025-04-17 06:00:00,2026-08-07 20:10:16,orders.csv,2026-08-07,Missing customer_id
ORD00037001,,2025-03-26 04:04:00,placed,26473.77,1553.97,UPI,WH-DEL,Central,2025-04-17 06:00:00,2026-08-07 20:10:16,orders.csv,2026-08-07,Missing customer_id
ORD00037101,,2025-01-21 01:51:23,delivered,28175.47,2141.64,COD,WH-DEL,Central,2025-04-17 06:00:00,2026-08-07 20:10:16,orders.csv,2026-08-07,Missing customer_id
ORD00037201,,2025-03-07 14:04:33,refunded,36360.3,6456.0,net_banking,WH-DEL,West,2025-04-17 06:00:00,2026-08-07 20:10:16,orders.csv,2026-08-07,Missing customer_id
ORD00037301,,2025-01-18 06:36:16,delivered,2664.32,621.13,credit_card,WH-DEL,South,2025-04-17 06:00:00,2026-08-07 20:10:16,orders.csv,2026-08-07,Missing customer_id
ORD00037401,,2025-02-12 11:24:56,delivered,44442.78,400.74,debit_card,WH-DEL,South,2025-04-17 06:00:00,2026-08-07 20:10:16,orders.csv,2026-08-07,Missing customer_id
ORD00037501,,2025-02-25 20:45:42,shipped,13764.56,906.86,UPI,WH-MUM,North,2025-04-17 06:00:00,2026-08-07 20:10:16,orders.csv,2026-08-07,Missing customer_id
ORD00037601,,2025-03-24 20:50:56,refunded,20985.26,3785.7,UPI,WH-CHE,South,2025-04-17 06:00:00,2026-08-07 20:10:16,orders.csv,2026-08-07,Missing customer_id
ORD00037701,,2025-02-23 19:31:47,unknown,38554.54,9353.18,debit_card,WH-MUM,East,2025-04-17 06:00:00,2026-08-07 20:10:16,orders.csv,2026-08-07,Missing customer_id
ORD00037801,,2025-03-25 19:22:44,unknown,2693.94,60.21,net_banking,WH-BLR,South,2025-04-17 06:00:00,2026-08-07 20:10:16,orders.csv,2026-08-07,Missing customer_id
ORD00037901,,2025-01-22 05:20:15,cancelled,47860.38,6283.13,debit_card,WH-HYD,North,2025-04-17 06:00:00,2026-08-07 20:10:16,orders.csv,2026-08-07,Missing customer_id
ORD00038001,,2025-01-12 09:19:45,unknown,22611.31,1869.71,UPI,WH-DEL,East,2025-04-17 06:00:00,2026-08-07 20:10:16,orders.csv,2026-08-07,Missing customer_id
ORD00038101,,2025-04-11 12:19:59,placed,29055.99,8525.27,net_banking,WH-MUM,South,2025-04-17 06:00:00,2026-08-07 20:10:16,orders.csv,2026-08-07,Missing customer_id
ORD00038201,,2025-02-08 10:16:11,delivered,5794.61,949.82,credit_card,WH-DEL,West,2025-04-17 06:00:00,2026-08-07 20:10:16,orders.csv,2026-08-07,Missing customer_id
ORD00038301,,2025-01-09 17:12:18,cancelled,22997.57,3406.7,COD,WH-BLR,West,2025-04-17 06:00:00,2026-08-07 20:10:16,orders.csv,2026-08-07,Missing customer_id
ORD00038401,,2025-01-05 06:55:09,placed,37670.21,5213.48,COD,WH-BLR,West,2025-04-17 06:00:00,2026-08-07 20:10:16,orders.csv,2026-08-07,Missing customer_id
ORD00038501,,2025-03-23 11:04:47,shipped,34071.64,1481.09,net_banking,WH-MUM,West,2025-04-17 06:00:00,2026-08-07 20:10:16,orders.csv,2026-08-07,Missing customer_id
ORD00038601,,2025-03-09 01:08:52,cancelled,7316.31,683.59,credit_card,WH-DEL,East,2025-04-17 06:00:00,2026-08-07 20:10:16,orders.csv,2026-08-07,Missing customer_id
ORD00038701,,2025-03-24 06:57:53,delivered,7711.17,1657.33,debit_card,WH-DEL,Central,2025-04-17 06:00:00,2026-08-07 20:10:16,orders.csv,2026-08-07,Missing customer_id
ORD00038801,,2025-03-14 22:55:38,placed,32933.58,2634.32,UPI,WH-HYD,South,2025-04-17 06:00:00,2026-08-07 20:10:16,orders.csv,2026-08-07,Missing customer_id
ORD00038901,,2025-01-09 15:26:42,cancelled,48124.27,7181.53,COD,WH-BLR,North,2025-04-17 06:00:00,2026-08-07 20:10:16,orders.csv,2026-08-07,Missing customer_id
ORD00039001,,2025-03-25 10:47:54,PENDING,40210.05,4747.64,COD,WH-CHE,South,2025-04-17 06:00:00,2026-08-07 20:10:16,orders.csv,2026-08-07,Missing customer_id
ORD00039101,,2025-04-01 03:44:05,delivered,43758.71,2376.28,UPI,WH-HYD,Central,2025-04-17 06:00:00,2026-08-07 20:10:16,orders.csv,2026-08-07,Missing customer_id
ORD00039201,,2025-03-10 05:33:18,cancelled,25875.85,3945.6,COD,WH-DEL,West,2025-04-17 06:00:00,2026-08-07 20:10:16,orders.csv,2026-08-07,Missing customer_id
ORD00039301,,2025-02-02 04:05:54,unknown,5851.44,667.06,debit_card,WH-CHE,West,2025-04-17 06:00:00,2026-08-07 20:10:16,orders.csv,2026-08-07,Missing customer_id
ORD00039401,,2025-02-13 00:19:18,shipped,4055.8,457.65,net_banking,WH-HYD,West,2025-04-17 06:00:00,2026-08-07 20:10:16,orders.csv,2026-08-07,Missing customer_id
ORD00039501,,2025-02-15 22:46:22,cancelled,31103.75,975.17,credit_card,WH-MUM,North,2025-04-17 06:00:00,2026-08-07 20:10:16,orders.csv,2026-08-07,Missing customer_id
ORD00039601,,2025-03-05 07:24:25,refunded,6979.5,1678.79,COD,WH-HYD,South,2025-04-17 06:00:00,2026-08-07 20:10:16,orders.csv,2026-08-07,Missing customer_id
ORD00039701,,2025-04-16 03:01:53,placed,31298.22,6653.5,UPI,WH-BLR,West,2025-04-17 06:00:00,2026-08-07 20:10:16,orders.csv,2026-08-07,Missing customer_id
ORD00039801,,2025-01-17 20:45:38,PENDING,6099.94,1546.1,debit_card,WH-HYD,South,2025-04-17 06:00:00,2026-08-07 20:10:16,orders.csv,2026-08-07,Missing customer_id
ORD00039901,,2025-02-26 10:57:21,delivered,1566.69,433.52,UPI,WH-HYD,East,2025-04-17 06:00:00,2026-08-07 20:10:16,orders.csv,2026-08-07,Missing customer_id
ORD00040001,,2025-02-12 03:30:28,shipped,30447.18,7047.33,net_banking,WH-MUM,Central,2025-04-17 06:00:00,2026-08-07 20:10:16,orders.csv,2026-08-07,Missing customer_id
ORD00040101,,2025-02-17 16:42:47,unknown,3374.81,506.16,debit_card,WH-BLR,East,2025-04-17 06:00:00,2026-08-07 20:10:16,orders.csv,2026-08-07,Missing customer_id
ORD00040201,,2025-04-05 07:04:59,shipped,42147.82,6949.2,debit_card,WH-CHE,East,2025-04-17 06:00:00,2026-08-07 20:10:16,orders.csv,2026-08-07,Missing customer_id
ORD00040301,,2025-04-16 12:25:49,shipped,45845.65,13714.3,COD,WH-MUM,Central,2025-04-17 06:00:00,2026-08-07 20:10:16,orders.csv,2026-08-07,Missing customer_id
ORD00040401,,2025-03-24 11:58:02,PENDING,19176.3,4700.17,net_banking,WH-CHE,Central,2025-04-17 06:00:00,2026-08-07 20:10:16,orders.csv,2026-08-07,Missing customer_id
ORD00040501,,2025-03-18 02:47:40,unknown,34574.69,8466.44,COD,WH-BLR,South,2025-04-17 06:00:00,2026-08-07 20:10:16,orders.csv,2026-08-07,Missing customer_id
ORD00040601,,2025-02-26 03:34:35,cancelled,43857.5,8339.78,COD,WH-DEL,West,2025-04-17 06:00:00,2026-08-07 20:10:16,orders.csv,2026-08-07,Missing customer_id
ORD00040701,,2025-03-17 07:47:11,unknown,21745.13,6004.97,net_banking,WH-DEL,South,2025-04-17 06:00:00,2026-08-07 20:10:16,orders.csv,2026-08-07,Missing customer_id
ORD00040801,,2025-04-05 13:47:41,cancelled,18329.84,1020.06,COD,WH-CHE,North,2025-04-17 06:00:00,2026-08-07 20:10:16,orders.csv,2026-08-07,Missing customer_id
ORD00040901,,2025-02-09 04:39:34,cancelled,45189.91,11126.73,debit_card,WH-BLR,West,2025-04-17 06:00:00,2026-08-07 20:10:16,orders.csv,2026-08-07,Missing customer_id
ORD00041001,,2025-01-18 10:42:33,unknown,21942.41,838.06,COD,WH-MUM,South,2025-04-17 06:00:00,2026-08-07 20:10:16,orders.csv,2026-08-07,Missing customer_id
ORD00041101,,2025-01-25 11:13:59,cancelled,24588.37,1670.79,COD,WH-HYD,Central,2025-04-17 06:00:00,2026-08-07 20:10:16,orders.csv,2026-08-07,Missing customer_id
ORD00041201,,2025-03-08 10:48:04,placed,41064.38,12306.12,credit_card,WH-HYD,North,2025-04-17 06:00:00,2026-08-07 20:10:16,orders.csv,2026-08-07,Missing customer_id
ORD00041301,,2025-04-15 03:13:42,shipped,29685.21,6188.46,credit_card,WH-CHE,Central,2025-04-17 06:00:00,2026-08-07 20:10:16,orders.csv,2026-08-07,Missing customer_id
ORD00041401,,2025-01-03 01:39:55,delivered,5309.64,823.56,debit_card,WH-MUM,Central,2025-04-17 06:00:00,2026-08-07 20:10:16,orders.csv,2026-08-07,Missing customer_id
ORD00041501,,2025-02-25 21:06:21,unknown,47303.45,4652.52,debit_card,WH-BLR,Central,2025-04-17 06:00:00,2026-08-07 20:10:16,orders.csv,2026-08-07,Missing customer_id
ORD00041601,,2025-03-26 16:15:17,shipped,6021.82,1531.46,COD,WH-HYD,East,2025-04-17 06:00:00,2026-08-07 20:10:16,orders.csv,2026-08-07,Missing customer_id
ORD00041701,,2025-03-19 07:05:43,cancelled,48496.28,1497.39,net_banking,WH-CHE,South,2025-04-17 06:00:00,2026-08-07 20:10:16,orders.csv,2026-08-07,Missing customer_id
ORD00041801,,2025-02-21 18:42:09,shipped,4850.43,402.0,UPI,WH-HYD,East,2025-04-17 06:00:00,2026-08-07 20:10:16,orders.csv,2026-08-07,Missing customer_id
ORD00041901,,2025-03-19 19:46:36,shipped,19033.73,3840.24,debit_card,WH-MUM,South,2025-04-17 06:00:00,2026-08-07 20:10:16,orders.csv,2026-08-07,Missing customer_id
ORD00042001,,2025-03-26 19:01:31,delivered,44507.52,4703.33,COD,WH-BLR,Central,2025-04-17 06:00:00,2026-08-07 20:10:16,orders.csv,2026-08-07,Missing customer_id
ORD00042101,,2025-02-15 16:15:04,shipped,24288.8,5029.89,credit_card,WH-CHE,South,2025-04-17 06:00:00,2026-08-07 20:10:16,orders.csv,2026-08-07,Missing customer_id
ORD00042201,,2025-04-16 12:53:57,placed,3229.58,444.08,UPI,WH-HYD,South,2025-04-17 06:00:00,2026-08-07 20:10:16,orders.csv,2026-08-07,Missing customer_id
ORD00042301,,2025-01-25 16:12:52,shipped,7603.71,1335.18,debit_card,WH-BLR,Central,2025-04-17 06:00:00,2026-08-07 20:10:16,orders.csv,2026-08-07,Missing customer_id
ORD00042401,,2025-01-15 00:05:39,shipped,45892.3,2064.18,debit_card,WH-BLR,South,2025-04-17 06:00:00,2026-08-07 20:10:16,orders.csv,2026-08-07,Missing customer_id
ORD00042501,,2025-02-02 09:06:15,cancelled,7872.93,2213.25,net_banking,WH-BLR,North,2025-04-17 06:00:00,2026-08-07 20:10:16,orders.csv,2026-08-07,Missing customer_id
ORD00042601,,2025-03-18 09:47:16,placed,19498.21,1281.45,debit_card,WH-CHE,Central,2025-04-17 06:00:00,2026-08-07 20:10:16,orders.csv,2026-08-07,Missing customer_id
ORD00042701,,2025-03-17 02:57:54,placed,46211.97,7619.09,UPI,WH-HYD,North,2025-04-17 06:00:00,2026-08-07 20:10:16,orders.csv,2026-08-07,Missing customer_id
ORD00042801,,2025-01-17 02:49:30,cancelled,21005.16,3577.22,net_banking,WH-CHE,East,2025-04-17 06:00:00,2026-08-07 20:10:16,orders.csv,2026-08-07,Missing customer_id
ORD00042901,,2025-03-14 05:26:11,delivered,29651.9,6592.44,credit_card,WH-CHE,North,2025-04-17 06:00:00,2026-08-07 20:10:16,orders.csv,2026-08-07,Missing customer_id
ORD00043001,,2025-01-02 02:37:16,delivered,18233.84,2328.27,COD,WH-DEL,West,2025-04-17 06:00:00,2026-08-07 20:10:16,orders.csv,2026-08-07,Missing customer_id
ORD00043101,,2025-03-15 07:47:09,shipped,8324.15,2329.64,net_banking,WH-MUM,North,2025-04-17 06:00:00,2026-08-07 20:10:16,orders.csv,2026-08-07,Missing customer_id
ORD00043201,,2025-04-13 00:12:03,unknown,11270.19,1366.49,COD,WH-BLR,Central,2025-04-17 06:00:00,2026-08-07 20:10:16,orders.csv,2026-08-07,Missing customer_id
ORD00043301,,2025-01-05 16:16:42,PENDING,40723.29,7228.07,UPI,WH-BLR,East,2025-04-17 06:00:00,2026-08-07 20:10:16,orders.csv,2026-08-07,Missing customer_id
ORD00043401,,2025-04-11 22:42:30,delivered,21699.41,3801.04,UPI,WH-DEL,South,2025-04-17 06:00:00,2026-08-07 20:10:16,orders.csv,2026-08-07,Missing customer_id
ORD00043501,,2025-03-24 06:30:27,placed,4606.45,1128.12,debit_card,WH-MUM,South,2025-04-17 06:00:00,2026-08-07 20:10:16,orders.csv,2026-08-07,Missing customer_id
ORD00043601,,2025-01-01 04:18:05,shipped,49982.47,10181.92,net_banking,WH-DEL,East,2025-04-17 06:00:00,2026-08-07 20:10:16,orders.csv,2026-08-07,Missing customer_id
ORD00043701,,2025-03-25 18:48:55,placed,18559.64,2526.13,UPI,WH-BLR,South,2025-04-17 06:00:00,2026-08-07 20:10:16,orders.csv,2026-08-07,Missing customer_id
ORD00043801,,2025-03-02 21:02:33,shipped,44244.14,4883.25,COD,WH-MUM,Central,2025-04-17 06:00:00,2026-08-07 20:10:16,orders.csv,2026-08-07,Missing customer_id
ORD00043901,,2025-03-08 20:43:07,shipped,18972.56,1754.03,UPI,WH-BLR,West,2025-04-17 06:00:00,2026-08-07 20:10:16,orders.csv,2026-08-07,Missing customer_id
ORD00044001,,2025-01-22 14:13:44,placed,29187.99,8125.05,net_banking,WH-CHE,Central,2025-04-17 06:00:00,2026-08-07 20:10:16,orders.csv,2026-08-07,Missing customer_id
ORD00044101,,2025-03-31 10:32:50,cancelled,24472.27,2806.64,debit_card,WH-HYD,East,2025-04-17 06:00:00,2026-08-07 20:10:16,orders.csv,2026-08-07,Missing customer_id
ORD00044201,,2025-03-22 12:38:52,shipped,20754.56,1400.15,net_banking,WH-MUM,North,2025-04-17 06:00:00,2026-08-07 20:10:16,orders.csv,2026-08-07,Missing customer_id
ORD00044301,,2025-03-19 04:33:12,placed,44242.38,6257.61,UPI,WH-CHE,East,2025-04-17 06:00:00,2026-08-07 20:10:16,orders.csv,2026-08-07,Missing customer_id
ORD00044401,,2025-02-28 12:20:34,delivered,41204.76,7734.43,COD,WH-BLR,West,2025-04-17 06:00:00,2026-08-07 20:10:16,orders.csv,2026-08-07,Missing customer_id
ORD00044501,,2025-03-15 10:01:45,shipped,2512.34,504.46,debit_card,WH-MUM,South,2025-04-17 06:00:00,2026-08-07 20:10:16,orders.csv,2026-08-07,Missing customer_id
ORD00044601,,2025-02-15 09:46:24,placed,41080.92,9457.76,net_banking,WH-DEL,Central,2025-04-17 06:00:00,2026-08-07 20:10:16,orders.csv,2026-08-07,Missing customer_id
ORD00044701,,2025-03-03 13:25:59,cancelled,11865.34,2252.47,credit_card,WH-CHE,South,2025-04-17 06:00:00,2026-08-07 20:10:16,orders.csv,2026-08-07,Missing customer_id
ORD00044801,,2025-03-03 03:35:24,cancelled,16071.42,1056.65,debit_card,WH-MUM,East,2025-04-17 06:00:00,2026-08-07 20:10:16,orders.csv,2026-08-07,Missing customer_id
ORD00044901,,2025-04-08 07:10:29,unknown,45861.02,7190.26,credit_card,WH-CHE,South,2025-04-17 06:00:00,2026-08-07 20:10:16,orders.csv,2026-08-07,Missing customer_id
ORD00045001,,2025-01-22 16:31:44,unknown,8337.96,714.35,debit_card,WH-MUM,South,2025-04-17 06:00:00,2026-08-07 20:10:16,orders.csv,2026-08-07,Missing customer_id
ORD00045101,,2025-03-05 18:42:10,cancelled,37988.95,2586.76,net_banking,WH-HYD,West,2025-04-17 06:00:00,2026-08-07 20:10:16,orders.csv,2026-08-07,Missing customer_id
ORD00045201,,2025-01-28 02:14:45,delivered,19171.48,1835.43,net_banking,WH-HYD,Central,2025-04-17 06:00:00,2026-08-07 20:10:16,orders.csv,2026-08-07,Missing customer_id
ORD00045301,,2025-03-13 10:37:39,placed,48784.65,7257.65,net_banking,WH-CHE,East,2025-04-17 06:00:00,2026-08-07 20:10:16,orders.csv,2026-08-07,Missing customer_id
ORD00045401,,2025-02-06 13:02:48,cancelled,9769.15,834.18,UPI,WH-BLR,North,2025-04-17 06:00:00,2026-08-07 20:10:16,orders.csv,2026-08-07,Missing customer_id
ORD00045501,,2025-01-28 20:23:30,shipped,45173.35,3546.25,net_banking,WH-DEL,Central,2025-04-17 06:00:00,2026-08-07 20:10:16,orders.csv,2026-08-07,Missing customer_id
ORD00045601,,2025-02-01 12:48:25,delivered,42224.14,12629.75,credit_card,WH-HYD,South,2025-04-17 06:00:00,2026-08-07 20:10:16,orders.csv,2026-08-07,Missing customer_id
ORD00045701,,2025-03-19 09:23:28,shipped,9527.84,1254.45,UPI,WH-DEL,North,2025-04-17 06:00:00,2026-08-07 20:10:16,orders.csv,2026-08-07,Missing customer_id
ORD00045801,,2025-03-27 07:49:02,cancelled,17335.5,5192.69,UPI,WH-HYD,East,2025-04-17 06:00:00,2026-08-07 20:10:16,orders.csv,2026-08-07,Missing customer_id
ORD00045901,,2025-03-21 09:02:35,placed,9178.08,1025.61,credit_card,WH-HYD,East,2025-04-17 06:00:00,2026-08-07 20:10:16,orders.csv,2026-08-07,Missing customer_id
ORD00046001,,2025-03-28 11:36:58,shipped,10533.63,772.21,UPI,WH-MUM,East,2025-04-17 06:00:00,2026-08-07 20:10:16,orders.csv,2026-08-07,Missing customer_id
ORD00046101,,2025-03-11 19:12:02,delivered,35756.21,7329.7,COD,WH-HYD,South,2025-04-17 06:00:00,2026-08-07 20:10:16,orders.csv,2026-08-07,Missing customer_id
ORD00046201,,2025-03-25 01:52:44,refunded,20110.78,1415.87,UPI,WH-BLR,East,2025-04-17 06:00:00,2026-08-07 20:10:16,orders.csv,2026-08-07,Missing customer_id
ORD00046301,,2025-01-31 06:15:17,shipped,15410.83,1597.78,UPI,WH-HYD,West,2025-04-17 06:00:00,2026-08-07 20:10:16,orders.csv,2026-08-07,Missing customer_id
ORD00046401,,2025-01-28 08:59:51,cancelled,1572.84,165.76,credit_card,WH-MUM,West,2025-04-17 06:00:00,2026-08-07 20:10:16,orders.csv,2026-08-07,Missing customer_id
ORD00046501,,2025-03-20 07:44:29,placed,37292.56,10807.76,UPI,WH-HYD,East,2025-04-17 06:00:00,2026-08-07 20:10:16,orders.csv,2026-08-07,Missing customer_id
ORD00046601,,2025-03-06 13:05:33,shipped,33181.1,6548.97,credit_card,WH-HYD,South,2025-04-17 06:00:00,2026-08-07 20:10:16,orders.csv,2026-08-07,Missing customer_id
ORD00046701,,2025-01-15 09:44:01,refunded,34360.79,2171.48,COD,WH-MUM,West,2025-04-17 06:00:00,2026-08-07 20:10:16,orders.csv,2026-08-07,Missing customer_id
ORD00046801,,2025-01-03 11:11:06,placed,8267.73,1119.31,net_banking,WH-MUM,West,2025-04-17 06:00:00,2026-08-07 20:10:16,orders.csv,2026-08-07,Missing customer_id
ORD00046901,,2025-04-15 19:28:00,cancelled,49069.96,4704.47,net_banking,WH-MUM,West,2025-04-17 06:00:00,2026-08-07 20:10:16,orders.csv,2026-08-07,Missing customer_id
ORD00047001,,2025-02-12 00:30:05,shipped,17161.2,4224.05,net_banking,WH-MUM,North,2025-04-17 06:00:00,2026-08-07 20:10:16,orders.csv,2026-08-07,Missing customer_id
ORD00047101,,2025-01-14 23:33:15,cancelled,9861.83,1748.81,debit_card,WH-DEL,East,2025-04-17 06:00:00,2026-08-07 20:10:16,orders.csv,2026-08-07,Missing customer_id
ORD00047201,,2025-03-20 21:48:01,cancelled,16488.2,666.76,debit_card,WH-BLR,North,2025-04-17 06:00:00,2026-08-07 20:10:16,orders.csv,2026-08-07,Missing customer_id
ORD00047301,,2025-03-26 06:43:58,cancelled,854.76,150.33,UPI,WH-DEL,West,2025-04-17 06:00:00,2026-08-07 20:10:16,orders.csv,2026-08-07,Missing customer_id
ORD00047401,,2025-04-14 12:55:08,placed,33682.0,1161.51,net_banking,WH-DEL,East,2025-04-17 06:00:00,2026-08-07 20:10:16,orders.csv,2026-08-07,Missing customer_id
ORD00047501,,2025-01-25 09:27:08,refunded,5385.77,1110.72,credit_card,WH-BLR,North,2025-04-17 06:00:00,2026-08-07 20:10:16,orders.csv,2026-08-07,Missing customer_id
ORD00047601,,2025-02-24 18:14:18,PENDING,32406.33,6350.8,debit_card,WH-HYD,North,2025-04-17 06:00:00,2026-08-07 20:10:16,orders.csv,2026-08-07,Missing customer_id
ORD00047701,,2025-03-18 07:32:36,unknown,35719.28,3200.91,credit_card,WH-BLR,North,2025-04-17 06:00:00,2026-08-07 20:10:16,orders.csv,2026-08-07,Missing customer_id
ORD00047801,,2025-02-13 11:28:05,shipped,16044.08,269.37,net_banking,WH-HYD,West,2025-04-17 06:00:00,2026-08-07 20:10:16,orders.csv,2026-08-07,Missing customer_id
ORD00047901,,2025-03-06 10:32:13,placed,32267.88,8982.29,net_banking,WH-MUM,North,2025-04-17 06:00:00,2026-08-07 20:10:16,orders.csv,2026-08-07,Missing customer_id
ORD00048001,,2025-02-06 19:33:33,shipped,37081.47,9685.8,COD,WH-DEL,West,2025-04-17 06:00:00,2026-08-07 20:10:16,orders.csv,2026-08-07,Missing customer_id
ORD00048101,,2025-03-03 10:20:20,shipped,14354.72,215.02,UPI,WH-DEL,Central,2025-04-17 06:00:00,2026-08-07 20:10:16,orders.csv,2026-08-07,Missing customer_id
ORD00048201,,2025-01-30 11:47:56,shipped,34815.63,1301.07,COD,WH-CHE,West,2025-04-17 06:00:00,2026-08-07 20:10:16,orders.csv,2026-08-07,Missing customer_id
ORD00048301,,2025-04-04 17:26:08,delivered,35007.7,4599.81,credit_card,WH-BLR,East,2025-04-17 06:00:00,2026-08-07 20:10:16,orders.csv,2026-08-07,Missing customer_id
ORD00048401,,2025-01-15 18:57:49,cancelled,5286.1,191.93,debit_card,WH-DEL,North,2025-04-17 06:00:00,2026-08-07 20:10:16,orders.csv,2026-08-07,Missing customer_id
ORD00048501,,2025-04-06 05:55:06,shipped,46983.0,8146.5,COD,WH-MUM,South,2025-04-17 06:00:00,2026-08-07 20:10:16,orders.csv,2026-08-07,Missing customer_id
ORD00048601,,2025-03-29 20:08:35,cancelled,10122.96,1522.95,net_banking,WH-CHE,East,2025-04-17 06:00:00,2026-08-07 20:10:16,orders.csv,2026-08-07,Missing customer_id
ORD00048701,,2025-03-16 16:27:57,delivered,16988.0,1734.08,UPI,WH-HYD,North,2025-04-17 06:00:00,2026-08-07 20:10:16,orders.csv,2026-08-07,Missing customer_id
ORD00048801,,2025-04-15 07:06:39,placed,4389.02,114.2,debit_card,WH-MUM,East,2025-04-17 06:00:00,2026-08-07 20:10:16,orders.csv,2026-08-07,Missing customer_id
ORD00048901,,2025-03-27 17:18:27,cancelled,999.93,118.35,UPI,WH-CHE,East,2025-04-17 06:00:00,2026-08-07 20:10:16,orders.csv,2026-08-07,Missing customer_id
ORD00049001,,2025-03-11 03:12:03,PENDING,20677.33,417.47,UPI,WH-DEL,North,2025-04-17 06:00:00,2026-08-07 20:10:16,orders.csv,2026-08-07,Missing customer_id
ORD00049101,,2025-01-08 19:27:13,shipped,43903.87,2898.82,net_banking,WH-HYD,North,2025-04-17 06:00:00,2026-08-07 20:10:16,orders.csv,2026-08-07,Missing customer_id
ORD00049201,,2025-04-01 19:03:33,shipped,3475.23,393.62,COD,WH-DEL,Central,2025-04-17 06:00:00,2026-08-07 20:10:16,orders.csv,2026-08-07,Missing customer_id
ORD00049301,,2025-02-01 23:38:30,placed,42756.33,2123.51,UPI,WH-BLR,Central,2025-04-17 06:00:00,2026-08-07 20:10:16,orders.csv,2026-08-07,Missing customer_id
ORD00049401,,2025-04-11 20:45:59,delivered,8649.76,1679.72,debit_card,WH-BLR,East,2025-04-17 06:00:00,2026-08-07 20:10:16,orders.csv,2026-08-07,Missing customer_id
ORD00049501,,2025-01-29 04:51:02,cancelled,15058.74,1202.32,credit_card,WH-DEL,South,2025-04-17 06:00:00,2026-08-07 20:10:16,orders.csv,2026-08-07,Missing customer_id
ORD00049601,,2025-04-08 07:04:06,delivered,24334.09,2902.25,COD,WH-BLR,South,2025-04-17 06:00:00,2026-08-07 20:10:16,orders.csv,2026-08-07,Missing customer_id
ORD00049701,,2025-04-09 23:16:20,cancelled,27014.03,326.23,debit_card,WH-BLR,Central,2025-04-17 06:00:00,2026-08-07 20:10:16,orders.csv,2026-08-07,Missing customer_id
ORD00049801,,2025-01-14 12:43:31,shipped,37260.77,506.03,UPI,WH-DEL,Central,2025-04-17 06:00:00,2026-08-07 20:10:16,orders.csv,2026-08-07,Missing customer_id
ORD00049901,,2025-01-26 11:48:43,cancelled,37719.0,11013.92,UPI,WH-DEL,Central,2025-04-17 06:00:00,2026-08-07 20:10:16,orders.csv,2026-08-07,Missing customer_id
